CREATE DATABASE  IF NOT EXISTS `aoop_external` /*!40100 DEFAULT CHARACTER SET utf8mb4 COLLATE utf8mb4_0900_ai_ci */ /*!80016 DEFAULT ENCRYPTION='N' */;
USE `aoop_external`;
-- MySQL dump 10.13  Distrib 8.0.36, for Win64 (x86_64)
--
-- Host: localhost    Database: aoop_external
-- ------------------------------------------------------
-- Server version	8.0.37

/*!40101 SET @OLD_CHARACTER_SET_CLIENT=@@CHARACTER_SET_CLIENT */;
/*!40101 SET @OLD_CHARACTER_SET_RESULTS=@@CHARACTER_SET_RESULTS */;
/*!40101 SET @OLD_COLLATION_CONNECTION=@@COLLATION_CONNECTION */;
/*!50503 SET NAMES utf8 */;
/*!40103 SET @OLD_TIME_ZONE=@@TIME_ZONE */;
/*!40103 SET TIME_ZONE='+00:00' */;
/*!40014 SET @OLD_UNIQUE_CHECKS=@@UNIQUE_CHECKS, UNIQUE_CHECKS=0 */;
/*!40014 SET @OLD_FOREIGN_KEY_CHECKS=@@FOREIGN_KEY_CHECKS, FOREIGN_KEY_CHECKS=0 */;
/*!40101 SET @OLD_SQL_MODE=@@SQL_MODE, SQL_MODE='NO_AUTO_VALUE_ON_ZERO' */;
/*!40111 SET @OLD_SQL_NOTES=@@SQL_NOTES, SQL_NOTES=0 */;

--
-- Table structure for table `allowance`
--

DROP TABLE IF EXISTS `allowance`;
/*!40101 SET @saved_cs_client     = @@character_set_client */;
/*!50503 SET character_set_client = utf8mb4 */;
CREATE TABLE `allowance` (
  `allowanceID` int NOT NULL AUTO_INCREMENT,
  `employeeID` int DEFAULT NULL,
  `allowanceTypeID` int DEFAULT NULL,
  `allowanceAmount` decimal(10,2) DEFAULT NULL,
  PRIMARY KEY (`allowanceID`),
  KEY `employeeID_idx` (`employeeID`),
  KEY `fk_allowance_type_id_idx` (`allowanceTypeID`),
  CONSTRAINT `fk_allowance_employee` FOREIGN KEY (`employeeID`) REFERENCES `employee` (`employeeID`) ON DELETE CASCADE,
  CONSTRAINT `fk_allowance_type` FOREIGN KEY (`allowanceTypeID`) REFERENCES `allowance_type` (`allowanceTypeID`)
) ENGINE=InnoDB AUTO_INCREMENT=1312 DEFAULT CHARSET=utf8mb4 COLLATE=utf8mb4_0900_ai_ci;
/*!40101 SET character_set_client = @saved_cs_client */;

--
-- Dumping data for table `allowance`
--

LOCK TABLES `allowance` WRITE;
/*!40000 ALTER TABLE `allowance` DISABLE KEYS */;
INSERT INTO `allowance` VALUES (1201,1,1101,1500.00),(1202,2,1101,1500.00),(1203,3,1101,1500.00),(1204,4,1101,1500.00),(1205,5,1101,1500.00),(1206,6,1101,1500.00),(1207,7,1101,1500.00),(1208,8,1101,1500.00),(1209,9,1101,1500.00),(1210,10,1101,1500.00),(1211,11,1101,1500.00),(1212,12,1101,1500.00),(1213,13,1101,1500.00),(1214,14,1101,1500.00),(1215,15,1101,1500.00),(1216,16,1101,1500.00),(1217,17,1101,1500.00),(1218,18,1101,1500.00),(1219,19,1101,1500.00),(1220,20,1101,1500.00),(1221,21,1101,1500.00),(1222,22,1101,1500.00),(1223,23,1101,1500.00),(1224,24,1101,1500.00),(1225,25,1101,1500.00),(1226,26,1101,1500.00),(1227,27,1101,1500.00),(1228,28,1101,1500.00),(1229,29,1101,1500.00),(1230,30,1101,1500.00),(1231,31,1101,1500.00),(1232,32,1101,1500.00),(1233,33,1101,1500.00),(1234,34,1101,1500.00),(1235,1,1102,2000.00),(1236,2,1102,2000.00),(1237,3,1102,2000.00),(1238,4,1102,2000.00),(1239,5,1102,1000.00),(1240,6,1102,1000.00),(1241,7,1102,800.00),(1242,8,1102,500.00),(1243,9,1102,500.00),(1244,10,1102,1000.00),(1245,11,1102,1000.00),(1246,12,1102,800.00),(1247,13,1102,500.00),(1248,14,1102,500.00),(1249,15,1102,1000.00),(1250,16,1102,800.00),(1251,17,1102,800.00),(1252,18,1102,500.00),(1253,19,1102,500.00),(1254,20,1102,500.00),(1255,21,1102,500.00),(1256,22,1102,500.00),(1257,23,1102,500.00),(1258,24,1102,500.00),(1259,25,1102,500.00),(1260,26,1102,500.00),(1261,27,1102,500.00),(1262,28,1102,500.00),(1263,29,1102,500.00),(1264,30,1102,500.00),(1265,31,1102,500.00),(1266,32,1102,1000.00),(1267,33,1102,1000.00),(1268,34,1102,1000.00),(1269,1,1103,1000.00),(1270,2,1103,1000.00),(1271,3,1103,1000.00),(1272,4,1103,1000.00),(1273,5,1103,1000.00),(1274,6,1103,1000.00),(1275,7,1103,800.00),(1276,8,1103,500.00),(1277,9,1103,500.00),(1278,10,1103,1000.00),(1279,11,1103,1000.00),(1280,12,1103,800.00),(1281,13,1103,500.00),(1282,14,1103,500.00),(1283,15,1103,1000.00),(1284,16,1103,800.00),(1285,17,1103,800.00),(1286,18,1103,500.00),(1287,19,1103,500.00),(1288,20,1103,500.00),(1289,21,1103,500.00),(1290,22,1103,500.00),(1291,23,1103,500.00),(1292,24,1103,500.00),(1293,25,1103,500.00),(1294,26,1103,500.00),(1295,27,1103,500.00),(1296,28,1103,500.00),(1297,29,1103,500.00),(1298,30,1103,500.00),(1299,31,1103,500.00),(1300,32,1103,1000.00),(1301,33,1103,1000.00),(1302,34,1103,1000.00),(1303,164,1103,800.00),(1304,164,1101,1500.00),(1305,164,1102,800.00),(1306,165,1103,800.00),(1307,165,1101,1500.00),(1308,165,1102,800.00),(1309,166,1103,1000.00),(1310,166,1101,1500.00),(1311,166,1102,1000.00);
/*!40000 ALTER TABLE `allowance` ENABLE KEYS */;
UNLOCK TABLES;

--
-- Table structure for table `allowance_type`
--

DROP TABLE IF EXISTS `allowance_type`;
/*!40101 SET @saved_cs_client     = @@character_set_client */;
/*!50503 SET character_set_client = utf8mb4 */;
CREATE TABLE `allowance_type` (
  `allowanceTypeID` int NOT NULL AUTO_INCREMENT,
  `typeName` varchar(50) DEFAULT NULL,
  PRIMARY KEY (`allowanceTypeID`)
) ENGINE=InnoDB AUTO_INCREMENT=1104 DEFAULT CHARSET=utf8mb4 COLLATE=utf8mb4_0900_ai_ci;
/*!40101 SET character_set_client = @saved_cs_client */;

--
-- Dumping data for table `allowance_type`
--

LOCK TABLES `allowance_type` WRITE;
/*!40000 ALTER TABLE `allowance_type` DISABLE KEYS */;
INSERT INTO `allowance_type` VALUES (1101,'Rice Subsidy'),(1102,'Phone Allowance'),(1103,'Clothing Allowance');
/*!40000 ALTER TABLE `allowance_type` ENABLE KEYS */;
UNLOCK TABLES;

--
-- Temporary view structure for view `attendance_record`
--

DROP TABLE IF EXISTS `attendance_record`;
/*!50001 DROP VIEW IF EXISTS `attendance_record`*/;
SET @saved_cs_client     = @@character_set_client;
/*!50503 SET character_set_client = utf8mb4 */;
/*!50001 CREATE VIEW `attendance_record` AS SELECT 
 1 AS `attendanceID`,
 1 AS `employeeID`,
 1 AS `statusName`,
 1 AS `date`,
 1 AS `timeIn`,
 1 AS `timeOut`*/;
SET character_set_client = @saved_cs_client;

--
-- Table structure for table `attendance_status`
--

DROP TABLE IF EXISTS `attendance_status`;
/*!40101 SET @saved_cs_client     = @@character_set_client */;
/*!50503 SET character_set_client = utf8mb4 */;
CREATE TABLE `attendance_status` (
  `statusID` int NOT NULL AUTO_INCREMENT,
  `statusName` varchar(45) DEFAULT NULL,
  PRIMARY KEY (`statusID`),
  UNIQUE KEY `statusID_UNIQUE` (`statusID`)
) ENGINE=InnoDB AUTO_INCREMENT=4 DEFAULT CHARSET=utf8mb4 COLLATE=utf8mb4_0900_ai_ci;
/*!40101 SET character_set_client = @saved_cs_client */;

--
-- Dumping data for table `attendance_status`
--

LOCK TABLES `attendance_status` WRITE;
/*!40000 ALTER TABLE `attendance_status` DISABLE KEYS */;
INSERT INTO `attendance_status` VALUES (1,'Present'),(2,'Absent'),(3,'Late');
/*!40000 ALTER TABLE `attendance_status` ENABLE KEYS */;
UNLOCK TABLES;

--
-- Table structure for table `deduction`
--

DROP TABLE IF EXISTS `deduction`;
/*!40101 SET @saved_cs_client     = @@character_set_client */;
/*!50503 SET character_set_client = utf8mb4 */;
CREATE TABLE `deduction` (
  `deductionID` int NOT NULL AUTO_INCREMENT,
  `employeeID` int DEFAULT NULL,
  `deductionType` varchar(50) DEFAULT NULL,
  `deductionAmount` decimal(10,2) DEFAULT NULL,
  PRIMARY KEY (`deductionID`),
  KEY `fk_deduction_employee_idx` (`employeeID`),
  CONSTRAINT `fk_deduction_employee` FOREIGN KEY (`employeeID`) REFERENCES `employee` (`employeeID`)
) ENGINE=InnoDB AUTO_INCREMENT=224 DEFAULT CHARSET=utf8mb4 COLLATE=utf8mb4_0900_ai_ci;
/*!40101 SET character_set_client = @saved_cs_client */;

--
-- Dumping data for table `deduction`
--

LOCK TABLES `deduction` WRITE;
/*!40000 ALTER TABLE `deduction` DISABLE KEYS */;
INSERT INTO `deduction` VALUES (1,1,'SSS Contribution',1125.00),(2,2,'SSS Contribution',1125.00),(3,3,'SSS Contribution',1125.00),(4,4,'SSS Contribution',1125.00),(5,5,'SSS Contribution',1125.00),(6,6,'SSS Contribution',1125.00),(7,7,'SSS Contribution',1125.00),(8,8,'SSS Contribution',1012.50),(9,9,'SSS Contribution',1012.50),(10,10,'SSS Contribution',1125.00),(11,11,'SSS Contribution',1125.00),(12,12,'SSS Contribution',1125.00),(13,13,'SSS Contribution',1080.00),(14,14,'SSS Contribution',1080.00),(15,15,'SSS Contribution',1125.00),(16,16,'SSS Contribution',1125.00),(17,17,'SSS Contribution',1125.00),(18,18,'SSS Contribution',1012.50),(19,19,'SSS Contribution',1012.50),(20,20,'SSS Contribution',1035.00),(21,21,'SSS Contribution',1035.00),(22,22,'SSS Contribution',1080.00),(23,23,'SSS Contribution',1012.50),(24,24,'SSS Contribution',1012.50),(25,25,'SSS Contribution',1080.00),(26,26,'SSS Contribution',1102.50),(27,27,'SSS Contribution',1102.50),(28,28,'SSS Contribution',1080.00),(29,29,'SSS Contribution',1012.50),(30,30,'SSS Contribution',1012.50),(31,31,'SSS Contribution',1012.50),(32,32,'SSS Contribution',1125.00),(33,33,'SSS Contribution',1125.00),(34,34,'SSS Contribution',1125.00),(64,1,'PhilHealth Contribution',900.00),(65,2,'PhilHealth Contribution',900.00),(66,3,'PhilHealth Contribution',900.00),(67,4,'PhilHealth Contribution',900.00),(68,5,'PhilHealth Contribution',790.05),(69,6,'PhilHealth Contribution',790.05),(70,7,'PhilHealth Contribution',644.63),(71,8,'PhilHealth Contribution',337.50),(72,9,'PhilHealth Contribution',337.50),(73,10,'PhilHealth Contribution',790.05),(74,11,'PhilHealth Contribution',762.38),(75,12,'PhilHealth Contribution',577.13),(76,13,'PhilHealth Contribution',360.00),(77,14,'PhilHealth Contribution',360.00),(78,15,'PhilHealth Contribution',802.50),(79,16,'PhilHealth Contribution',644.63),(80,17,'PhilHealth Contribution',627.75),(81,18,'PhilHealth Contribution',337.50),(82,19,'PhilHealth Contribution',337.50),(83,20,'PhilHealth Contribution',348.75),(84,21,'PhilHealth Contribution',348.75),(85,22,'PhilHealth Contribution',360.00),(86,23,'PhilHealth Contribution',337.50),(87,24,'PhilHealth Contribution',337.50),(88,25,'PhilHealth Contribution',360.00),(89,26,'PhilHealth Contribution',371.25),(90,27,'PhilHealth Contribution',371.25),(91,28,'PhilHealth Contribution',360.00),(92,29,'PhilHealth Contribution',337.50),(93,30,'PhilHealth Contribution',337.50),(94,31,'PhilHealth Contribution',337.50),(95,32,'PhilHealth Contribution',790.05),(96,33,'PhilHealth Contribution',790.05),(97,34,'PhilHealth Contribution',790.05),(127,1,'Pag-IBIG Contribution',100.00),(128,2,'Pag-IBIG Contribution',100.00),(129,3,'Pag-IBIG Contribution',100.00),(130,4,'Pag-IBIG Contribution',100.00),(131,5,'Pag-IBIG Contribution',100.00),(132,6,'Pag-IBIG Contribution',100.00),(133,7,'Pag-IBIG Contribution',100.00),(134,8,'Pag-IBIG Contribution',100.00),(135,9,'Pag-IBIG Contribution',100.00),(136,10,'Pag-IBIG Contribution',100.00),(137,11,'Pag-IBIG Contribution',100.00),(138,12,'Pag-IBIG Contribution',100.00),(139,13,'Pag-IBIG Contribution',100.00),(140,14,'Pag-IBIG Contribution',100.00),(141,15,'Pag-IBIG Contribution',100.00),(142,16,'Pag-IBIG Contribution',100.00),(143,17,'Pag-IBIG Contribution',100.00),(144,18,'Pag-IBIG Contribution',100.00),(145,19,'Pag-IBIG Contribution',100.00),(146,20,'Pag-IBIG Contribution',100.00),(147,21,'Pag-IBIG Contribution',100.00),(148,22,'Pag-IBIG Contribution',100.00),(149,23,'Pag-IBIG Contribution',100.00),(150,24,'Pag-IBIG Contribution',100.00),(151,25,'Pag-IBIG Contribution',100.00),(152,26,'Pag-IBIG Contribution',100.00),(153,27,'Pag-IBIG Contribution',100.00),(154,28,'Pag-IBIG Contribution',100.00),(155,29,'Pag-IBIG Contribution',100.00),(156,30,'Pag-IBIG Contribution',100.00),(157,31,'Pag-IBIG Contribution',100.00),(158,32,'Pag-IBIG Contribution',100.00),(159,33,'Pag-IBIG Contribution',100.00),(160,34,'Pag-IBIG Contribution',100.00),(190,1,'Withholding Tax',17195.41),(191,2,'Withholding Tax',8635.49),(192,3,'Withholding Tax',8635.49),(193,4,'Withholding Tax',8635.49),(194,5,'Withholding Tax',6830.48),(195,6,'Withholding Tax',6830.48),(196,7,'Withholding Tax',4443.10),(197,8,'Withholding Tax',43.41),(198,9,'Withholding Tax',43.41),(199,10,'Withholding Tax',6830.48),(200,11,'Withholding Tax',6376.17),(201,12,'Withholding Tax',3334.95),(202,13,'Withholding Tax',325.40),(203,14,'Withholding Tax',325.40),(204,15,'Withholding Tax',7034.89),(205,16,'Withholding Tax',4443.10),(206,17,'Withholding Tax',4166.05),(207,18,'Withholding Tax',43.41),(208,19,'Withholding Tax',43.41),(209,20,'Withholding Tax',182.16),(210,21,'Withholding Tax',182.16),(211,22,'Withholding Tax',325.40),(212,23,'Withholding Tax',43.41),(213,24,'Withholding Tax',43.41),(214,25,'Withholding Tax',325.40),(215,26,'Withholding Tax',468.65),(216,27,'Withholding Tax',468.65),(217,28,'Withholding Tax',325.40),(218,29,'Withholding Tax',43.41),(219,30,'Withholding Tax',43.41),(220,31,'Withholding Tax',43.41),(221,32,'Withholding Tax',6830.48),(222,33,'Withholding Tax',6830.48),(223,34,'Withholding Tax',6830.48);
/*!40000 ALTER TABLE `deduction` ENABLE KEYS */;
UNLOCK TABLES;

--
-- Table structure for table `department`
--

DROP TABLE IF EXISTS `department`;
/*!40101 SET @saved_cs_client     = @@character_set_client */;
/*!50503 SET character_set_client = utf8mb4 */;
CREATE TABLE `department` (
  `departmentID` int NOT NULL AUTO_INCREMENT,
  `departmentName` varchar(45) DEFAULT NULL,
  PRIMARY KEY (`departmentID`)
) ENGINE=InnoDB AUTO_INCREMENT=208 DEFAULT CHARSET=utf8mb4 COLLATE=utf8mb4_0900_ai_ci;
/*!40101 SET character_set_client = @saved_cs_client */;

--
-- Dumping data for table `department`
--

LOCK TABLES `department` WRITE;
/*!40000 ALTER TABLE `department` DISABLE KEYS */;
INSERT INTO `department` VALUES (201,'Corporate '),(202,'Human Resource'),(203,'Marketing'),(204,'Accounting'),(205,'IT'),(206,'Finance Department'),(207,'Sales and Collection');
/*!40000 ALTER TABLE `department` ENABLE KEYS */;
UNLOCK TABLES;

--
-- Table structure for table `employee`
--

DROP TABLE IF EXISTS `employee`;
/*!40101 SET @saved_cs_client     = @@character_set_client */;
/*!50503 SET character_set_client = utf8mb4 */;
CREATE TABLE `employee` (
  `employeeID` int NOT NULL AUTO_INCREMENT,
  `departmentID` int DEFAULT NULL,
  `positionID` int DEFAULT NULL,
  `lastName` varchar(45) DEFAULT NULL,
  `firstName` varchar(45) DEFAULT NULL,
  `birthday` date DEFAULT NULL,
  `address` varchar(255) DEFAULT NULL,
  `status` varchar(45) DEFAULT NULL,
  `immediateSupervisor` varchar(50) DEFAULT NULL,
  `basicSalary` decimal(10,2) DEFAULT NULL,
  `semiMonthlyRate` decimal(10,2) DEFAULT NULL,
  `hourlyRate` decimal(5,2) DEFAULT NULL,
  `phoneNumber` varchar(45) DEFAULT NULL,
  `sssNumber` varchar(45) DEFAULT NULL,
  `philhealthNumber` varchar(45) DEFAULT NULL,
  `tinNumber` varchar(45) DEFAULT NULL,
  `pagibigNumber` varchar(45) DEFAULT NULL,
  PRIMARY KEY (`employeeID`),
  UNIQUE KEY `employeeID_UNIQUE` (`employeeID`),
  KEY `fk_employee_department_idx` (`departmentID`) /*!80000 INVISIBLE */,
  KEY `fk_employee_position_idx` (`positionID`) /*!80000 INVISIBLE */,
  CONSTRAINT `fk_employee_department` FOREIGN KEY (`departmentID`) REFERENCES `department` (`departmentID`),
  CONSTRAINT `fk_employee_position` FOREIGN KEY (`positionID`) REFERENCES `position` (`positionID`)
) ENGINE=InnoDB AUTO_INCREMENT=248 DEFAULT CHARSET=utf8mb4 COLLATE=utf8mb4_0900_ai_ci;
/*!40101 SET character_set_client = @saved_cs_client */;

--
-- Dumping data for table `employee`
--

LOCK TABLES `employee` WRITE;
/*!40000 ALTER TABLE `employee` DISABLE KEYS */;
INSERT INTO `employee` VALUES (1,201,301,'Garcia','Manuel III','1983-10-11','Valero Carpark Building Valero Street 1227, Makati City','Regular','N/A',90000.00,45000.00,535.71,'820126853951','44-4506057-3','820126853951','442-605-657-000','691295330870'),(2,201,302,'Lim','Antonio','1988-06-19','San Antonio De Padua 2, Block 1 Lot 8 and 2, Dasmarinas, Cavite','Regular','Garcia, Manuel III',60000.00,30000.00,357.14,'331735646338','52-2061274-9','331735646338','683-102-776-000','663904995411'),(3,206,303,'Aquino','Bianca Sofia','1989-08-04','Rm. 402 4/F Jiao Building Timog Avenue Cor. Quezon Avenue 1100, Quezon City','Regular','Garcia, Manuel III',60000.00,30000.00,357.14,'177451189665','30-8870406-2','177451189665','971-711-280-000','171519773969'),(4,203,304,'Reyes','Isabella','1994-06-16','460 Solanda Street Intramuros 1000, Manila','Regular','Garcia, Manuel III',60000.00,30000.00,357.14,'341911411254','40-2511815-0','341911411254','876-809-437-000','416946776041'),(5,205,305,'Hernandez','Eduard','1989-09-23','National Highway, Gingoog,  Misamis Occidental','Regular','Lim, Antonio',52670.00,26335.00,313.51,'957436191812','50-5577638-1','957436191812','031-702-374-000','952347222457'),(6,202,306,'Villanueva','Andrea Mae','1988-02-14','17/85 Stracke Via Suite 042, Poblacion, Las Piñas 4783 Dinagat Islands ','Regular','Lim, Antonio',52670.00,26335.00,313.51,'382189453145','49-1632020-8','382189453145','317-674-022-000','441093369646'),(7,202,307,'San Jose','Brad ','1996-03-15','99 Strosin Hills, Poblacion, Bislig 5340 Tawi-Tawi','Regular','Villanueva, Andrea Mae',42975.00,21488.00,255.80,'239192926939','40-2400714-1','239192926939','672-474-690-000','210850209964'),(8,202,308,'Romualdez','Alice','1992-05-14','12A/33 Upton Isle Apt. 420, Roxas City 1814 Surigao del Norte ','Regular','San, Jose Brad',22500.00,11250.00,133.93,'545652640232','55-4476527-2','545652640232','888-572-294-000','211385556888'),(9,202,308,'Atienza','Rosie ','1948-09-24','90A Dibbert Terrace Apt. 190, San Lorenzo 6056 Davao del Norte','Regular','San, Jose Brad',22500.00,11250.00,133.93,'708988234853','41-0644692-3','708988234853','604-997-793-000','260107732354'),(10,204,309,'Alvaro','Roderick','1988-03-30','#284 T. Morato corner, Scout Rallos Street, Quezon City','Regular','Aquino, Bianca Sofia ',52670.00,26335.00,313.51,'578114853194','64-7605054-4','578114853194','525-420-419-000','799254095212'),(11,206,310,'Salcedo','Anthony','1993-09-14','93/54 Shanahan Alley Apt. 183, Santo Tomas 1572 Masbate','Regular','Alvaro, Roderick',50825.00,25413.00,302.53,'126445315651','26-9647608-3','126445315651','210-805-911-000','218002473454'),(12,206,311,'Lopez','Josie ','1987-01-14','49 Springs Apt. 266, Poblacion, Taguig 3200 Occidental Mindoro','Regular','Salcedo, Anthony',38475.00,19238.00,229.02,'431709011012','44-8563448-3','431709011012','218-489-737-000','113071293354'),(13,206,312,'Farala','Martha','1942-01-11','42/25 Sawayn Stream, Ubay 1208 Zamboanga del Norte ','Regular','Salcedo, Anthony',24000.00,12000.00,142.86,'233693897247','45-5656375-0','233693897247','210-835-851-000','631130283546'),(14,206,312,'Martinez','Leila','1970-07-11','37/46 Kulas Roads, Maragondon 0962 Quirino ','Regular','Salcedo, Anthony',24000.00,12000.00,142.86,'515741057496','27-2090996-4','515741057496','275-792-513-000','101205445886'),(15,204,313,'Romualdez','Fredrick ','1985-03-10','22A/52 Lubowitz Meadows, Pililla 4895 Zambales','Regular','Lim, Antonio',53500.00,26750.00,318.45,'308366860059','26-8768374-1','308366860059','598-065-761-000','223057707853'),(16,204,314,'Mata','Christian','1987-10-21','90 O\'Keefe Spur Apt. 379, Catigbian 2772 Sulu','Regular','Romualdez, Fredrick ',42975.00,21488.00,255.80,'824187961962','49-2959312-6','824187961962','103-100-522-000','631052853464'),(17,204,314,'De Leon','Selena ','1975-02-20','89A Armstrong Trace, Compostela 7874 Maguindanao','Regular','Romualdez, Fredrick ',41850.00,20925.00,249.11,'587272469938','27-2090208-8','587272469938','482-259-498-000','719007608464'),(18,204,315,'San Jose','Allison ','1986-06-24','08 Grant Drive Suite 406, Poblacion, Iloilo City 9186 La Union','Regular','Mata, Christian',22500.00,11250.00,133.93,'745148459521','45-3251383-0','745148459521','121-203-336-000','114901859343'),(19,204,315,'Rosario','Cydney ','1996-10-06','93A/21 Berge Points, Tapaz 2180 Quezon','Regular','Mata, Christian',22500.00,11250.00,133.93,'579253435499','49-1629900-2','579253435499','122-244-511-000','265104358643'),(20,204,315,'Bautista','Mark ','1991-02-12','65 Murphy Center Suite 094, Poblacion, Palayan 5636 Quirino','Regular','Mata, Christian',23250.00,11625.00,138.39,'399665157135','49-1647342-5','399665157135','273-970-941-000','260054585575'),(21,204,315,'Lazaro','Darlene ','1985-11-25','47A/94 Larkin Plaza Apt. 179, Poblacion, Caloocan 2751 Quirino','Probationary','Mata, Christian',23250.00,11625.00,138.39,'606386917510','45-5617168-2','606386917510','354-650-951-000','104907708845'),(22,204,315,'Delos Santos','Kolby ','1980-02-26','06A Gulgowski Extensions, Bongabon 6085 Zamboanga del Sur','Probationary','Mata, Christian',24000.00,12000.00,142.86,'357451271274','52-0109570-6','357451271274','187-500-345-000','113017988667'),(23,204,315,'Santos','Vella ','1983-12-31','99A Padberg Spring, Poblacion, Mabalacat 3959 Lanao del Sur','Probationary','Mata, Christian',22500.00,11250.00,133.93,'548670482885','52-9883524-3','548670482885','101-558-994-000','360028104576'),(24,204,315,'Del Rosario','Tomas','1978-12-18','80A/48 Ledner Ridges, Poblacion, Kabankalan 8870 Marinduque','Probationary','Mata, Christian',22500.00,11250.00,133.93,'953901539995','45-5866331-6','953901539995','560-735-732-000','913108649964'),(25,204,315,'Tolentino','Jacklyn ','1984-05-19','96/48 Watsica Flats Suite 734, Poblacion, Malolos 1844 Ifugao','Probationary','De Leon, Selena',24000.00,12000.00,142.86,'753800654114','47-1692793-0','753800654114','841-177-857-000','210546661243'),(26,204,315,'Gutierrez','Percival ','1970-12-18','58A Wilderman Walks, Poblacion, Digos 5822 Davao del Sur','Probationary','De Leon, Selena',24750.00,12375.00,147.32,'797639382265','40-9504657-8','797639382265','502-995-671-000','210897095686'),(27,204,315,'Manalaysay','Garfield ','1986-08-28','60 Goyette Valley Suite 219, Poblacion, Tabuk 3159 Lanao del Sur','Probationary','De Leon, Selena',24750.00,12375.00,147.32,'810909286264','45-3298166-4','810909286264','336-676-445-000','211274476563'),(28,204,315,'Villegas','Lizeth ','1981-12-12','66/77 Mann Views, Luisiana 1263 Dinagat Islands','Probationary','De Leon, Selena',24000.00,12000.00,142.86,'934389652994','40-2400719-4','934389652994','210-395-397-000','122238077997'),(29,204,315,'Ramos','Carol ','1978-08-20','72/70 Stamm Spurs, Bustos 4550 Iloilo','Probationary','De Leon, Selena',22500.00,11250.00,133.93,'351830469744','60-1152206-4','351830469744','395-032-717-000','212141893454'),(30,204,315,'Maceda','Emelia ','1973-04-14','50A/83 Bahringer Oval Suite 145, Kiamba 7688 Nueva Ecija','Probationary','De Leon, Selena',22500.00,11250.00,133.93,'465087894112','54-1331005-0','465087894112','215-973-013-000','515012579765'),(31,204,315,'Aguilar','Delia ','1989-01-27','95 Cremin Junction, Surallah 2809 Cotabato','Probationary','De Leon, Selena',22500.00,11250.00,133.93,'136451303068','52-1859253-1','136451303068','599-312-588-000','110018813465'),(32,203,316,'Castro','John Rafael','1992-02-09','Hi-way, Yati, Liloan Cebu','Regular','Reyes, Isabella',23000.00,11500.00,136.90,'601644902402','26-7145133-4','601644902402','404-768-309-000','697764069311'),(33,203,317,'Martinez','Carlos Ian','1990-11-16','Bulala, Camalaniugan','Regular','Reyes, Isabella',23000.00,11500.00,136.90,'380685387212','11-5062972-7','380685387212','256-436-296-000','993372963726'),(34,203,318,'Santos','Beatriz','1990-08-07','Agapita Building, Metro Manila','Regular','Reyes, Isabella',25000.00,12500.00,148.81,'918460050077','20-2987501-5','918460050077','911-529-713-000','874042259378'),(105,204,315,'Shoyo','Hinata','2001-03-03','Quezon City, Philippines','Probationary','Villanueva, Andrea Mae',NULL,NULL,NULL,'091234567899',NULL,NULL,NULL,NULL),(106,202,308,'Kageyama','Tobio','2000-04-04','Taguig City, Philippines','Probationary','Garcia, Manuel III',NULL,NULL,NULL,'091123456789',NULL,NULL,NULL,NULL),(141,203,316,'Squarepants','Spongebob','2000-01-01','Pineapple under the sea','Probationary','Lim, Antonio',NULL,NULL,NULL,'123456789',NULL,NULL,NULL,NULL),(152,205,305,'Flynn','Phineas','2000-01-01','Tristate Area, Danville','Regular','N/A',NULL,NULL,NULL,'091234567889',NULL,NULL,NULL,NULL),(162,205,305,'Flynn','Ferb','2000-01-01','Danville','Regular','N/A',NULL,NULL,NULL,'091234567899',NULL,NULL,NULL,NULL),(163,206,312,'Platypus','Perry','2000-02-01','Danville','Probationary','Garcia, Manuel III',NULL,NULL,NULL,'123456789754',NULL,NULL,NULL,NULL),(164,202,307,'Calasang','Billy Lloyd','1996-01-22','2nd Floor, Gaisano Mactan Mall, Pajo, Lapu-lapu City, Cebu','Regular','Andrea Mae Villanueva',42975.00,21488.00,255.80,'361-299-029','37-3379841-1','632361534812','824-311-682-000','374357402374'),(165,205,319,'Brosas','Jonathan','1994-11-26','A Fernando 1400, Valenzuela, Valenzuela','Probationary','Eduard Hernandez',42975.00,21487.50,255.80,'032-340-2015','92-4800602-9','735270773421','632-531-054-000','632722676967'),(166,207,318,'Tejor','Shella Mae','1994-03-01','Ayala Avenue 1200, Makati City, Metro Manila','Probationary','Reyes, Isabella',25000.00,12500.00,148.81,'894-385-011','32-5213838-6','675893056701','327-367-815-000','133337008927');
/*!40000 ALTER TABLE `employee` ENABLE KEYS */;
UNLOCK TABLES;

--
-- Temporary view structure for view `employee_credentials`
--

DROP TABLE IF EXISTS `employee_credentials`;
/*!50001 DROP VIEW IF EXISTS `employee_credentials`*/;
SET @saved_cs_client     = @@character_set_client;
/*!50503 SET character_set_client = utf8mb4 */;
/*!50001 CREATE VIEW `employee_credentials` AS SELECT 
 1 AS `employeeID`,
 1 AS `userID`,
 1 AS `fullEmployeeName`,
 1 AS `username`,
 1 AS `password`,
 1 AS `roleName`*/;
SET character_set_client = @saved_cs_client;

--
-- Temporary view structure for view `employee_details`
--

DROP TABLE IF EXISTS `employee_details`;
/*!50001 DROP VIEW IF EXISTS `employee_details`*/;
SET @saved_cs_client     = @@character_set_client;
/*!50503 SET character_set_client = utf8mb4 */;
/*!50001 CREATE VIEW `employee_details` AS SELECT 
 1 AS `employeeID`,
 1 AS `username`,
 1 AS `lastName`,
 1 AS `firstName`,
 1 AS `birthday`,
 1 AS `address`,
 1 AS `phoneNumber`,
 1 AS `immediateSupervisor`,
 1 AS `status`,
 1 AS `positionName`,
 1 AS `sssNumber`,
 1 AS `philHealthNumber`,
 1 AS `tinNumber`,
 1 AS `pagibigNumber`*/;
SET character_set_client = @saved_cs_client;

--
-- Temporary view structure for view `employee_payslip`
--

DROP TABLE IF EXISTS `employee_payslip`;
/*!50001 DROP VIEW IF EXISTS `employee_payslip`*/;
SET @saved_cs_client     = @@character_set_client;
/*!50503 SET character_set_client = utf8mb4 */;
/*!50001 CREATE VIEW `employee_payslip` AS SELECT 
 1 AS `Payroll ID`,
 1 AS `Payslip No.`,
 1 AS `Employee ID`,
 1 AS `Employee Name`,
 1 AS `Period Start Date`,
 1 AS `Period End Date`,
 1 AS `Employee Position`,
 1 AS `Monthly Rate`,
 1 AS `Daily Rate`,
 1 AS `Days Worked`,
 1 AS `Overtime`,
 1 AS `Gross Income`,
 1 AS `Rice Subsidy`,
 1 AS `Phone Allowance`,
 1 AS `Clothing Allowance`,
 1 AS `Total Benefits`,
 1 AS `Social Security System`,
 1 AS `PhilHealth`,
 1 AS `Pag-IBIG`,
 1 AS `Withholding Tax`,
 1 AS `Total Deductions`,
 1 AS `Take Home Pay`*/;
SET character_set_client = @saved_cs_client;

--
-- Temporary view structure for view `employee_record`
--

DROP TABLE IF EXISTS `employee_record`;
/*!50001 DROP VIEW IF EXISTS `employee_record`*/;
SET @saved_cs_client     = @@character_set_client;
/*!50503 SET character_set_client = utf8mb4 */;
/*!50001 CREATE VIEW `employee_record` AS SELECT 
 1 AS `employeeID`,
 1 AS `lastName`,
 1 AS `firstName`,
 1 AS `birthday`,
 1 AS `address`,
 1 AS `phoneNumber`,
 1 AS `position`,
 1 AS `status`,
 1 AS `supervisor`,
 1 AS `basicSalary`,
 1 AS `semiSalary`,
 1 AS `hourlyRate`,
 1 AS `Clothing Allowance`,
 1 AS `Rice Subsidy`,
 1 AS `Phone Allowance`,
 1 AS `tinNumber`,
 1 AS `sssNumber`,
 1 AS `philHealthNumber`,
 1 AS `pagibigNumber`*/;
SET character_set_client = @saved_cs_client;

--
-- Table structure for table `leave_balances`
--

DROP TABLE IF EXISTS `leave_balances`;
/*!40101 SET @saved_cs_client     = @@character_set_client */;
/*!50503 SET character_set_client = utf8mb4 */;
CREATE TABLE `leave_balances` (
  `balanceID` int NOT NULL AUTO_INCREMENT,
  `employeeID` int DEFAULT NULL,
  `fullName` varchar(45) DEFAULT NULL,
  `sickLeave` int DEFAULT '15',
  `vacationLeave` int DEFAULT '15',
  `emergencyLeave` int DEFAULT '7',
  PRIMARY KEY (`balanceID`),
  KEY `fk_balances_employee_idx` (`employeeID`),
  CONSTRAINT `fk_balances_employee` FOREIGN KEY (`employeeID`) REFERENCES `employee` (`employeeID`) ON DELETE CASCADE
) ENGINE=InnoDB AUTO_INCREMENT=38 DEFAULT CHARSET=utf8mb4 COLLATE=utf8mb4_0900_ai_ci;
/*!40101 SET character_set_client = @saved_cs_client */;

--
-- Dumping data for table `leave_balances`
--

LOCK TABLES `leave_balances` WRITE;
/*!40000 ALTER TABLE `leave_balances` DISABLE KEYS */;
INSERT INTO `leave_balances` VALUES (1,1,'Manuel III Garcia',15,15,7),(2,2,'Antonio Lim',15,15,7),(3,3,'Bianca Sofia Aquino',15,15,7),(4,4,'Isabella Reyes',8,9,7),(5,5,'Eduard Hernandez',15,13,5),(6,6,'Andrea Mae Villanueva',15,15,7),(7,7,'Brad  San Jose',15,15,7),(8,8,'Alice Romualdez',15,15,7),(9,9,'Rosie  Atienza',15,15,7),(10,10,'Roderick Alvaro',15,15,7),(11,11,'Anthony Salcedo',15,15,7),(12,12,'Josie  Lopez',15,15,7),(13,13,'Martha Farala',15,15,7),(14,14,'Leila Martinez',15,15,7),(15,15,'Fredrick  Romualdez',15,15,7),(16,16,'Christian Mata',15,15,7),(17,17,'Selena  De Leon',15,15,7),(18,18,'Allison  San Jose',15,15,7),(19,19,'Cydney  Rosario',15,15,7),(20,20,'Mark  Bautista',15,15,7),(21,21,'Darlene  Lazaro',15,15,7),(22,22,'Kolby  Delos Santos',15,15,7),(23,23,'Vella  Santos',15,15,7),(24,24,'Tomas Del Rosario',15,15,7),(25,25,'Jacklyn  Tolentino',15,15,7),(26,26,'Percival  Gutierrez',15,15,7),(27,27,'Garfield  Manalaysay',15,15,7),(28,28,'Lizeth  Villegas',15,15,7),(29,29,'Carol  Ramos',15,15,7),(30,30,'Emelia  Maceda',15,15,7),(31,31,'Delia  Aguilar',15,15,7),(32,32,'John Rafael Castro',15,15,7),(33,33,'Carlos Ian Martinez',15,15,7),(34,34,'Beatriz Santos',15,15,7),(36,105,'Hinata Shoyo',15,15,7),(37,106,'Tobio Kageyama',15,15,7);
/*!40000 ALTER TABLE `leave_balances` ENABLE KEYS */;
UNLOCK TABLES;

--
-- Temporary view structure for view `leave_record`
--

DROP TABLE IF EXISTS `leave_record`;
/*!50001 DROP VIEW IF EXISTS `leave_record`*/;
SET @saved_cs_client     = @@character_set_client;
/*!50503 SET character_set_client = utf8mb4 */;
/*!50001 CREATE VIEW `leave_record` AS SELECT 
 1 AS `Request ID`,
 1 AS `Date Requested`,
 1 AS `Employee ID`,
 1 AS `Full Name`,
 1 AS `Leave Type`,
 1 AS `Days`,
 1 AS `Start Date`,
 1 AS `End Date`,
 1 AS `Status`,
 1 AS `Reason`*/;
SET character_set_client = @saved_cs_client;

--
-- Table structure for table `leave_status`
--

DROP TABLE IF EXISTS `leave_status`;
/*!40101 SET @saved_cs_client     = @@character_set_client */;
/*!50503 SET character_set_client = utf8mb4 */;
CREATE TABLE `leave_status` (
  `statusID` int NOT NULL AUTO_INCREMENT,
  `statusName` varchar(50) NOT NULL,
  PRIMARY KEY (`statusID`)
) ENGINE=InnoDB AUTO_INCREMENT=4 DEFAULT CHARSET=utf8mb4 COLLATE=utf8mb4_0900_ai_ci;
/*!40101 SET character_set_client = @saved_cs_client */;

--
-- Dumping data for table `leave_status`
--

LOCK TABLES `leave_status` WRITE;
/*!40000 ALTER TABLE `leave_status` DISABLE KEYS */;
INSERT INTO `leave_status` VALUES (1,'Pending'),(2,'Approved'),(3,'Rejected');
/*!40000 ALTER TABLE `leave_status` ENABLE KEYS */;
UNLOCK TABLES;

--
-- Table structure for table `leave_type`
--

DROP TABLE IF EXISTS `leave_type`;
/*!40101 SET @saved_cs_client     = @@character_set_client */;
/*!50503 SET character_set_client = utf8mb4 */;
CREATE TABLE `leave_type` (
  `leaveTypeID` int NOT NULL AUTO_INCREMENT,
  `typeName` varchar(50) NOT NULL,
  PRIMARY KEY (`leaveTypeID`)
) ENGINE=InnoDB AUTO_INCREMENT=4 DEFAULT CHARSET=utf8mb4 COLLATE=utf8mb4_0900_ai_ci;
/*!40101 SET character_set_client = @saved_cs_client */;

--
-- Dumping data for table `leave_type`
--

LOCK TABLES `leave_type` WRITE;
/*!40000 ALTER TABLE `leave_type` DISABLE KEYS */;
INSERT INTO `leave_type` VALUES (1,'Sick Leave'),(2,'Vacation Leave'),(3,'Emergency Leave');
/*!40000 ALTER TABLE `leave_type` ENABLE KEYS */;
UNLOCK TABLES;

--
-- Temporary view structure for view `monthly_payroll_summary`
--

DROP TABLE IF EXISTS `monthly_payroll_summary`;
/*!50001 DROP VIEW IF EXISTS `monthly_payroll_summary`*/;
SET @saved_cs_client     = @@character_set_client;
/*!50503 SET character_set_client = utf8mb4 */;
/*!50001 CREATE VIEW `monthly_payroll_summary` AS SELECT 
 1 AS `Period Start Date`,
 1 AS `Period End Date`,
 1 AS `Employee No`,
 1 AS `Employee Full Name`,
 1 AS `Position`,
 1 AS `Department`,
 1 AS `Gross Income`,
 1 AS `Social Security No`,
 1 AS `Social Security Contribution`,
 1 AS `Philhealth No`,
 1 AS `Philhealth Contribution`,
 1 AS `Pag-ibig No`,
 1 AS `Pag-Ibig Contribution`,
 1 AS `TIN`,
 1 AS `Withholding Tax`,
 1 AS `Net Pay`*/;
SET character_set_client = @saved_cs_client;

--
-- Table structure for table `pagibig_matrix`
--

DROP TABLE IF EXISTS `pagibig_matrix`;
/*!40101 SET @saved_cs_client     = @@character_set_client */;
/*!50503 SET character_set_client = utf8mb4 */;
CREATE TABLE `pagibig_matrix` (
  `pagibigID` int NOT NULL,
  `piSalaryMin` decimal(8,2) DEFAULT NULL,
  `piSalaryMax` decimal(8,2) DEFAULT NULL,
  `employeeContribution` decimal(6,2) DEFAULT NULL,
  `employerContribution` decimal(6,2) DEFAULT NULL,
  PRIMARY KEY (`pagibigID`)
) ENGINE=InnoDB DEFAULT CHARSET=utf8mb4 COLLATE=utf8mb4_0900_ai_ci;
/*!40101 SET character_set_client = @saved_cs_client */;

--
-- Dumping data for table `pagibig_matrix`
--

LOCK TABLES `pagibig_matrix` WRITE;
/*!40000 ALTER TABLE `pagibig_matrix` DISABLE KEYS */;
INSERT INTO `pagibig_matrix` VALUES (901,1000.00,1500.00,0.01,0.02),(902,1501.00,999999.99,0.02,0.02);
/*!40000 ALTER TABLE `pagibig_matrix` ENABLE KEYS */;
UNLOCK TABLES;

--
-- Table structure for table `payslip`
--

DROP TABLE IF EXISTS `payslip`;
/*!40101 SET @saved_cs_client     = @@character_set_client */;
/*!50503 SET character_set_client = utf8mb4 */;
CREATE TABLE `payslip` (
  `payrollID` int NOT NULL AUTO_INCREMENT,
  `employeeID` int DEFAULT NULL,
  `startDate` date DEFAULT NULL,
  `endDate` date DEFAULT NULL,
  `monthlyRate` decimal(10,2) DEFAULT NULL,
  `dailyRate` decimal(10,2) DEFAULT NULL,
  `daysWorked` float DEFAULT NULL,
  `overtime` double DEFAULT NULL,
  `grossIncome` decimal(10,2) DEFAULT NULL,
  `totalBenefits` decimal(10,2) DEFAULT NULL,
  `totalDeductions` decimal(10,2) DEFAULT NULL,
  `takeHomePay` decimal(10,2) DEFAULT NULL,
  PRIMARY KEY (`payrollID`),
  UNIQUE KEY `payrollID_UNIQUE` (`payrollID`),
  UNIQUE KEY `employee_payslip_UNIQUE` (`employeeID`,`startDate`,`endDate`),
  KEY `fk_paysilp_employee_idx` (`employeeID`) /*!80000 INVISIBLE */,
  CONSTRAINT `fk_payslip_employee` FOREIGN KEY (`employeeID`) REFERENCES `employee` (`employeeID`) ON DELETE CASCADE
) ENGINE=InnoDB AUTO_INCREMENT=314 DEFAULT CHARSET=utf8mb4 COLLATE=utf8mb4_0900_ai_ci;
/*!40101 SET character_set_client = @saved_cs_client */;

--
-- Dumping data for table `payslip`
--

LOCK TABLES `payslip` WRITE;
/*!40000 ALTER TABLE `payslip` DISABLE KEYS */;
INSERT INTO `payslip` VALUES (1,1,'2022-09-01','2022-09-30',90000.00,4090.91,22,0,90000.02,4500.00,19320.41,75179.61),(2,2,'2022-09-01','2022-09-30',60000.00,2727.27,22,0,59999.94,4500.00,10760.49,53739.45),(3,3,'2022-09-01','2022-09-30',60000.00,2727.27,22,0,59999.94,4500.00,10760.49,53739.45),(4,4,'2022-09-01','2022-09-30',60000.00,2727.27,22,0,59999.94,4500.00,10760.49,53739.45),(5,5,'2022-09-01','2022-09-30',52670.00,2394.09,22,0,52669.98,3500.00,8845.53,47324.45),(6,6,'2022-09-01','2022-09-30',52670.00,2394.09,22,0,52669.98,3500.00,8845.53,47324.45),(7,7,'2022-09-01','2022-09-30',42975.00,1953.41,22,0,42975.02,3100.00,6312.73,39762.29),(8,8,'2022-09-01','2022-09-30',22500.00,1022.73,22,0,22500.06,2500.00,1493.41,23506.65),(9,9,'2022-09-01','2022-09-30',22500.00,1022.73,22,0,22500.06,2500.00,1493.41,23506.65),(10,10,'2022-09-01','2022-09-30',52670.00,2394.09,22,0,52669.98,3500.00,8845.53,47324.45),(11,11,'2022-09-01','2022-09-30',50825.00,2310.23,22,0,50825.06,3500.00,8363.55,45961.51),(12,12,'2022-09-01','2022-09-30',38475.00,1748.86,22,0,38474.92,3100.00,5137.08,36437.84),(13,13,'2022-09-01','2022-09-30',24000.00,1090.91,22,0,24000.02,2500.00,1865.40,24634.62),(14,14,'2022-09-01','2022-09-30',24000.00,1090.91,22,0,24000.02,2500.00,1865.40,24634.62),(15,15,'2022-09-01','2022-09-30',53500.00,2431.82,22,0,53500.04,3500.00,9062.39,47937.65),(16,16,'2022-09-01','2022-09-30',42975.00,1953.41,22,0,42975.02,3100.00,6312.73,39762.29),(17,17,'2022-09-01','2022-09-30',41850.00,1902.27,22,0,41849.94,3100.00,6018.80,38931.14),(18,18,'2022-09-01','2022-09-30',22500.00,1022.73,22,0,22500.06,2500.00,1493.41,23506.65),(19,19,'2022-09-01','2022-09-30',22500.00,1022.73,22,0,22500.06,2500.00,1493.41,23506.65),(20,20,'2022-09-01','2022-09-30',23250.00,1056.82,22,0,23250.04,2500.00,1665.91,24084.13),(21,21,'2022-09-01','2022-09-30',23250.00,1056.82,22,0,23250.04,2500.00,1665.91,24084.13),(22,22,'2022-09-01','2022-09-30',24000.00,1090.91,22,0,24000.02,2500.00,1865.40,24634.62),(23,23,'2022-09-01','2022-09-30',22500.00,1022.73,22,0,22500.06,2500.00,1493.41,23506.65),(24,24,'2022-09-01','2022-09-30',22500.00,1022.73,22,0,22500.06,2500.00,1493.41,23506.65),(25,25,'2022-09-01','2022-09-30',24000.00,1090.91,22,0,24000.02,2500.00,1865.40,24634.62),(26,26,'2022-09-01','2022-09-30',24750.00,1125.00,22,0,24750.00,2500.00,2042.40,25207.60),(27,27,'2022-09-01','2022-09-30',24750.00,1125.00,22,0,24750.00,2500.00,2042.40,25207.60),(28,28,'2022-09-01','2022-09-30',24000.00,1090.91,22,0,24000.02,2500.00,1865.40,24634.62),(29,29,'2022-09-01','2022-09-30',22500.00,1022.73,22,0,22500.06,2500.00,1493.41,23506.65),(30,30,'2022-09-01','2022-09-30',22500.00,1022.73,22,0,22500.06,2500.00,1493.41,23506.65),(31,31,'2022-09-01','2022-09-30',22500.00,1022.73,22,0,22500.06,2500.00,1493.41,23506.65),(32,32,'2022-09-01','2022-09-30',23000.00,1045.45,22,0,22999.90,3500.00,8845.53,17654.37),(33,33,'2022-09-01','2022-09-30',23000.00,1045.45,22,0,22999.90,3500.00,8845.53,17654.37),(34,34,'2022-09-01','2022-09-30',25000.00,1136.36,22,0,24999.92,3500.00,8845.53,19654.39),(131,1,'2022-10-01','2022-10-31',90000.00,4285.71,21,0,89999.91,4500.00,19320.41,75179.50),(132,2,'2022-10-01','2022-10-31',60000.00,2857.14,21,0,59999.94,4500.00,10760.49,53739.45),(135,3,'2022-10-01','2022-10-31',60000.00,2857.14,21,0,59999.94,4500.00,10760.49,53739.45),(136,4,'2022-10-01','2022-10-31',60000.00,2857.14,21,0,59999.94,4500.00,10760.49,53739.45),(137,5,'2022-10-01','2022-10-31',52670.00,2508.10,21,0,52670.10,3500.00,8845.53,47324.57),(138,6,'2022-10-01','2022-10-31',52670.00,2508.10,21,0,52670.10,3500.00,8845.53,47324.57),(139,7,'2022-10-01','2022-10-31',42975.00,2046.43,21,0,42975.03,3100.00,6312.73,39762.30),(140,8,'2022-10-01','2022-10-31',22500.00,1071.43,21,0,22500.03,2500.00,1493.41,23506.62),(141,9,'2022-10-01','2022-10-31',22500.00,1071.43,21,0,22500.03,2500.00,1493.41,23506.62),(142,10,'2022-10-01','2022-10-31',52670.00,2508.10,21,0,52670.10,3500.00,8845.53,47324.57),(143,11,'2022-10-01','2022-10-31',50825.00,2420.24,21,0,50825.04,3500.00,8363.55,45961.49),(144,12,'2022-10-01','2022-10-31',38475.00,1832.14,21,0,38474.94,3100.00,5137.08,36437.86),(145,13,'2022-10-01','2022-10-31',24000.00,1142.86,21,0,24000.06,2500.00,1865.40,24634.66),(146,14,'2022-10-01','2022-10-31',24000.00,1142.86,21,0,24000.06,2500.00,1865.40,24634.66),(147,15,'2022-10-01','2022-10-31',53500.00,2547.62,21,0,53500.02,3500.00,9062.39,47937.63),(148,16,'2022-10-01','2022-10-31',42975.00,2046.43,21,0,42975.03,3100.00,6312.73,39762.30),(149,17,'2022-10-01','2022-10-31',41850.00,1992.86,21,0,41850.06,3100.00,6018.80,38931.26),(150,18,'2022-10-01','2022-10-31',22500.00,1071.43,21,0,22500.03,2500.00,1493.41,23506.62),(151,19,'2022-10-01','2022-10-31',22500.00,1071.43,21,0,22500.03,2500.00,1493.41,23506.62),(152,20,'2022-10-01','2022-10-31',23250.00,1107.14,21,0,23249.94,2500.00,1665.91,24084.03),(153,21,'2022-10-01','2022-10-31',23250.00,1107.14,21,0,23249.94,2500.00,1665.91,24084.03),(154,22,'2022-10-01','2022-10-31',24000.00,1142.86,21,0,24000.06,2500.00,1865.40,24634.66),(155,23,'2022-10-01','2022-10-31',22500.00,1071.43,21,0,22500.03,2500.00,1493.41,23506.62),(156,24,'2022-10-01','2022-10-31',22500.00,1071.43,21,0,22500.03,2500.00,1493.41,23506.62),(157,25,'2022-10-01','2022-10-31',24000.00,1142.86,21,0,24000.06,2500.00,1865.40,24634.66),(158,26,'2022-10-01','2022-10-31',24750.00,1178.57,21,0,24749.97,2500.00,2042.40,25207.57),(159,27,'2022-10-01','2022-10-31',24750.00,1178.57,21,0,24749.97,2500.00,2042.40,25207.57),(160,28,'2022-10-01','2022-10-31',24000.00,1142.86,21,0,24000.06,2500.00,1865.40,24634.66),(161,29,'2022-10-01','2022-10-31',22500.00,1071.43,21,0,22500.03,2500.00,1493.41,23506.62),(162,30,'2022-10-01','2022-10-31',22500.00,1071.43,21,0,22500.03,2500.00,1493.41,23506.62),(163,31,'2022-10-01','2022-10-31',22500.00,1071.43,21,0,22500.03,2500.00,1493.41,23506.62),(164,32,'2022-10-01','2022-10-31',52670.00,2508.10,21,0,52670.10,3500.00,8845.53,47324.57),(165,33,'2022-10-01','2022-10-31',52670.00,2508.10,21,0,52670.10,3500.00,8845.53,47324.57),(166,34,'2022-10-01','2022-10-31',52670.00,2508.10,21,0,52670.10,3500.00,8845.53,47324.57),(168,105,'2022-10-01','2022-10-31',0.00,0.00,0,0,0.00,0.00,0.00,0.00),(169,106,'2022-10-01','2022-10-31',0.00,0.00,0,0,0.00,0.00,0.00,0.00),(245,105,'2022-09-01','2022-09-30',0.00,0.00,0,0,0.00,0.00,0.00,0.00),(246,106,'2022-09-01','2022-09-30',0.00,0.00,0,0,0.00,0.00,0.00,0.00),(247,141,'2022-09-01','2022-09-30',0.00,0.00,0,0,0.00,0.00,0.00,0.00),(248,152,'2022-09-01','2022-09-30',0.00,0.00,0,0,0.00,0.00,0.00,0.00),(257,162,'2022-09-01','2022-09-30',0.00,0.00,0,0,0.00,0.00,0.00,0.00),(258,163,'2022-09-01','2022-09-30',0.00,0.00,0,0,0.00,0.00,0.00,0.00),(301,164,'2022-09-01','2022-09-30',42975.00,0.00,0,0,0.00,3100.00,0.00,3100.00),(302,165,'2022-09-01','2022-09-30',42975.00,0.00,0,0,0.00,3100.00,0.00,3100.00),(303,166,'2022-09-01','2022-09-30',25000.00,0.00,0,0,0.00,3500.00,0.00,3500.00);
/*!40000 ALTER TABLE `payslip` ENABLE KEYS */;
UNLOCK TABLES;

--
-- Table structure for table `permission`
--

DROP TABLE IF EXISTS `permission`;
/*!40101 SET @saved_cs_client     = @@character_set_client */;
/*!50503 SET character_set_client = utf8mb4 */;
CREATE TABLE `permission` (
  `permissionID` int NOT NULL AUTO_INCREMENT,
  `permissionName` varchar(80) DEFAULT NULL,
  `description` longtext,
  PRIMARY KEY (`permissionID`)
) ENGINE=InnoDB AUTO_INCREMENT=612 DEFAULT CHARSET=utf8mb4 COLLATE=utf8mb4_0900_ai_ci;
/*!40101 SET character_set_client = @saved_cs_client */;

--
-- Dumping data for table `permission`
--

LOCK TABLES `permission` WRITE;
/*!40000 ALTER TABLE `permission` DISABLE KEYS */;
INSERT INTO `permission` VALUES (601,'READ_EMPLOYEE_DATA','Allows reading of employee data.'),(602,'WRITE_EMPLOYEE_DATA','Allows writing and updating of employee data.'),(603,'READ_PAYROLL_DATA','Allows reading of payroll data.'),(604,'MANAGE_EMPLOYEE_LEAVES','Allows management of employee leave requests and balances.'),(605,'READ_PAYROLL_DATA ','Allows reading of payroll data.'),(606,'WRITE_PAYROLL_DATA ','Allows writing and updating of payroll data.'),(607,'PROCESS_PAYROLL','Allows processing of payroll and generating pay slips.'),(608,'VIEW_FINANCIAL_REPORTS ','Allows viewing of financial reports related to payroll.'),(609,'VIEW_PAYSLIP','Allows viewing of their own payslip.'),(610,'UPDATE_PERSONAL_INFO ','Allows updating of their own personal information.'),(611,'REQUEST_LEAVE ','Allows submission of leave requests.');
/*!40000 ALTER TABLE `permission` ENABLE KEYS */;
UNLOCK TABLES;

--
-- Table structure for table `philhealth_matrix`
--

DROP TABLE IF EXISTS `philhealth_matrix`;
/*!40101 SET @saved_cs_client     = @@character_set_client */;
/*!50503 SET character_set_client = utf8mb4 */;
CREATE TABLE `philhealth_matrix` (
  `philhealthID` int NOT NULL,
  `phSalaryMin` decimal(10,2) DEFAULT NULL,
  `phSalaryMax` decimal(20,2) DEFAULT NULL,
  `premiumRate` decimal(6,2) DEFAULT NULL,
  `monthlyPremium` decimal(8,2) DEFAULT NULL,
  PRIMARY KEY (`philhealthID`)
) ENGINE=InnoDB DEFAULT CHARSET=utf8mb4 COLLATE=utf8mb4_0900_ai_ci;
/*!40101 SET character_set_client = @saved_cs_client */;

--
-- Dumping data for table `philhealth_matrix`
--

LOCK TABLES `philhealth_matrix` WRITE;
/*!40000 ALTER TABLE `philhealth_matrix` DISABLE KEYS */;
INSERT INTO `philhealth_matrix` VALUES (801,10000.00,10000.00,0.03,300.00),(802,10000.01,59999.99,0.03,1800.00),(803,60000.00,60000.00,0.03,1800.00);
/*!40000 ALTER TABLE `philhealth_matrix` ENABLE KEYS */;
UNLOCK TABLES;

--
-- Table structure for table `position`
--

DROP TABLE IF EXISTS `position`;
/*!40101 SET @saved_cs_client     = @@character_set_client */;
/*!50503 SET character_set_client = utf8mb4 */;
CREATE TABLE `position` (
  `positionID` int NOT NULL AUTO_INCREMENT,
  `departmentID` int DEFAULT NULL,
  `positionName` longtext,
  PRIMARY KEY (`positionID`),
  UNIQUE KEY `positionID_UNIQUE` (`positionID`),
  KEY `fk_position_department_idx` (`departmentID`),
  CONSTRAINT `fk_position_department` FOREIGN KEY (`departmentID`) REFERENCES `department` (`departmentID`)
) ENGINE=InnoDB AUTO_INCREMENT=321 DEFAULT CHARSET=utf8mb4 COLLATE=utf8mb4_0900_ai_ci;
/*!40101 SET character_set_client = @saved_cs_client */;

--
-- Dumping data for table `position`
--

LOCK TABLES `position` WRITE;
/*!40000 ALTER TABLE `position` DISABLE KEYS */;
INSERT INTO `position` VALUES (301,201,'Chief Executive Officer'),(302,201,'Chief Operating Officer'),(303,206,'Chief Finance Officer'),(304,203,'Chief Marketing Officer'),(305,205,'IT Operations and Systems'),(306,202,'HR Manager'),(307,202,'HR Team Leader'),(308,202,'HR Rank and File'),(309,204,'Accounting Head'),(310,206,'Payroll Manager'),(311,206,'Payroll Team Leader'),(312,206,'Payroll Rank and File'),(313,204,'Account Manager'),(314,204,'Account Team Leader'),(315,204,'Account Rank and File'),(316,203,'Sales & Marketing'),(317,203,'Supply Chain and Logistics'),(318,203,'Customer Service and Relations'),(319,205,'IT Technical Support');
/*!40000 ALTER TABLE `position` ENABLE KEYS */;
UNLOCK TABLES;

--
-- Table structure for table `processing_period`
--

DROP TABLE IF EXISTS `processing_period`;
/*!40101 SET @saved_cs_client     = @@character_set_client */;
/*!50503 SET character_set_client = utf8mb4 */;
CREATE TABLE `processing_period` (
  `periodID` int NOT NULL AUTO_INCREMENT,
  `startDate` date DEFAULT NULL,
  `endDate` date DEFAULT NULL,
  PRIMARY KEY (`periodID`)
) ENGINE=InnoDB AUTO_INCREMENT=5 DEFAULT CHARSET=utf8mb4 COLLATE=utf8mb4_0900_ai_ci;
/*!40101 SET character_set_client = @saved_cs_client */;

--
-- Dumping data for table `processing_period`
--

LOCK TABLES `processing_period` WRITE;
/*!40000 ALTER TABLE `processing_period` DISABLE KEYS */;
INSERT INTO `processing_period` VALUES (1,'2022-09-01','2022-09-30'),(2,'2022-10-01','2022-10-31'),(3,'2022-11-01','2022-11-30'),(4,'2022-12-01','2022-12-31');
/*!40000 ALTER TABLE `processing_period` ENABLE KEYS */;
UNLOCK TABLES;

--
-- Table structure for table `request`
--

DROP TABLE IF EXISTS `request`;
/*!40101 SET @saved_cs_client     = @@character_set_client */;
/*!50503 SET character_set_client = utf8mb4 */;
CREATE TABLE `request` (
  `requestID` int NOT NULL AUTO_INCREMENT,
  `employeeID` int DEFAULT NULL,
  `leaveTypeID` int DEFAULT NULL,
  `statusID` int DEFAULT NULL,
  `dateRequested` date DEFAULT NULL,
  `startDate` date DEFAULT NULL,
  `endDate` date DEFAULT NULL,
  `days` int DEFAULT NULL,
  `reason` longtext,
  PRIMARY KEY (`requestID`),
  UNIQUE KEY `requestID_UNIQUE` (`requestID`),
  KEY `fk_request_employee_idx` (`employeeID`),
  KEY `fk_request_type_idx` (`leaveTypeID`),
  KEY `fk_request_status_idx` (`statusID`),
  CONSTRAINT `fk_request_employee` FOREIGN KEY (`employeeID`) REFERENCES `employee` (`employeeID`),
  CONSTRAINT `fk_request_status` FOREIGN KEY (`statusID`) REFERENCES `leave_status` (`statusID`),
  CONSTRAINT `fk_request_type` FOREIGN KEY (`leaveTypeID`) REFERENCES `leave_type` (`leaveTypeID`)
) ENGINE=InnoDB AUTO_INCREMENT=8 DEFAULT CHARSET=utf8mb4 COLLATE=utf8mb4_0900_ai_ci;
/*!40101 SET character_set_client = @saved_cs_client */;

--
-- Dumping data for table `request`
--

LOCK TABLES `request` WRITE;
/*!40000 ALTER TABLE `request` DISABLE KEYS */;
INSERT INTO `request` VALUES (1,4,1,3,'2024-03-16','2024-03-17','2024-03-18',2,'I\'m not feeling well.'),(2,4,2,3,'2024-06-11','2024-06-17','2024-06-19',3,'I\'m visiting my parents.'),(3,4,1,2,'2024-06-11','2024-06-13','2024-06-14',2,'I\'m not feeling well.'),(4,4,1,2,'2024-06-29','2024-07-01','2024-07-01',1,'I\'m not feeling well.'),(5,5,2,3,'2024-06-29','2024-07-04','2024-07-05',2,'I have a family trip.'),(6,5,3,3,'2024-06-29','2024-07-02','2024-07-03',2,'I have an unexpected family emergency.'),(7,4,1,2,'2024-06-29','2024-06-30','2024-07-01',2,'I\'m sick.');
/*!40000 ALTER TABLE `request` ENABLE KEYS */;
UNLOCK TABLES;

--
-- Table structure for table `role`
--

DROP TABLE IF EXISTS `role`;
/*!40101 SET @saved_cs_client     = @@character_set_client */;
/*!50503 SET character_set_client = utf8mb4 */;
CREATE TABLE `role` (
  `roleID` int NOT NULL AUTO_INCREMENT,
  `roleName` varchar(45) DEFAULT NULL,
  PRIMARY KEY (`roleID`)
) ENGINE=InnoDB AUTO_INCREMENT=504 DEFAULT CHARSET=utf8mb4 COLLATE=utf8mb4_0900_ai_ci;
/*!40101 SET character_set_client = @saved_cs_client */;

--
-- Dumping data for table `role`
--

LOCK TABLES `role` WRITE;
/*!40000 ALTER TABLE `role` DISABLE KEYS */;
INSERT INTO `role` VALUES (501,'hrstaff'),(502,'financestaff'),(503,'employee');
/*!40000 ALTER TABLE `role` ENABLE KEYS */;
UNLOCK TABLES;

--
-- Table structure for table `role_permission`
--

DROP TABLE IF EXISTS `role_permission`;
/*!40101 SET @saved_cs_client     = @@character_set_client */;
/*!50503 SET character_set_client = utf8mb4 */;
CREATE TABLE `role_permission` (
  `roleID` int NOT NULL,
  `permissionID` int NOT NULL,
  PRIMARY KEY (`roleID`,`permissionID`),
  KEY `fk_permission_id_idx` (`permissionID`),
  CONSTRAINT `fk_permission_id` FOREIGN KEY (`permissionID`) REFERENCES `permission` (`permissionID`),
  CONSTRAINT `fk_role_id` FOREIGN KEY (`roleID`) REFERENCES `role` (`roleID`)
) ENGINE=InnoDB DEFAULT CHARSET=utf8mb4 COLLATE=utf8mb4_0900_ai_ci;
/*!40101 SET character_set_client = @saved_cs_client */;

--
-- Dumping data for table `role_permission`
--

LOCK TABLES `role_permission` WRITE;
/*!40000 ALTER TABLE `role_permission` DISABLE KEYS */;
INSERT INTO `role_permission` VALUES (501,601),(501,602),(501,603),(501,604),(502,605),(502,606),(502,607),(502,608),(503,609),(503,610),(503,611);
/*!40000 ALTER TABLE `role_permission` ENABLE KEYS */;
UNLOCK TABLES;

--
-- Table structure for table `sss_matrix`
--

DROP TABLE IF EXISTS `sss_matrix`;
/*!40101 SET @saved_cs_client     = @@character_set_client */;
/*!50503 SET character_set_client = utf8mb4 */;
CREATE TABLE `sss_matrix` (
  `sssID` int NOT NULL,
  `sssSalaryMin` decimal(10,2) DEFAULT NULL,
  `sssSalaryMax` decimal(10,2) DEFAULT NULL,
  `sssContribution` decimal(10,2) DEFAULT NULL,
  PRIMARY KEY (`sssID`)
) ENGINE=InnoDB DEFAULT CHARSET=utf8mb4 COLLATE=utf8mb4_0900_ai_ci;
/*!40101 SET character_set_client = @saved_cs_client */;

--
-- Dumping data for table `sss_matrix`
--

LOCK TABLES `sss_matrix` WRITE;
/*!40000 ALTER TABLE `sss_matrix` DISABLE KEYS */;
INSERT INTO `sss_matrix` VALUES (701,1.00,3249.99,135.00),(702,3250.00,3749.99,157.50),(703,3750.00,4249.99,180.00),(704,4250.00,4749.99,202.50),(705,4750.00,5249.99,225.00),(706,5250.00,5749.99,247.50),(707,5750.00,6249.99,270.00),(708,6250.00,6749.99,292.50),(709,6750.00,7249.99,315.00),(710,7250.00,7749.99,337.50),(711,7750.00,8249.99,360.00),(712,8250.00,8749.99,382.50),(713,8750.00,9249.99,405.00),(714,9250.00,9749.99,427.50),(715,9750.00,10249.99,450.00),(716,10250.00,10749.99,472.50),(717,10750.00,11249.99,495.00),(718,11250.00,11749.99,517.50),(719,11750.00,12249.99,540.00),(720,12250.00,12749.99,562.50),(721,12750.00,13249.99,585.00),(722,13250.00,13749.99,607.50),(723,13750.00,14249.99,630.00),(724,14250.00,14749.99,652.50),(725,14750.00,15249.99,675.00),(726,15250.00,15749.99,697.50),(727,15750.00,16249.99,720.00),(728,16250.00,16749.99,742.50),(729,16750.00,17249.99,765.00),(730,17250.00,17749.99,787.50),(731,17750.00,18249.99,810.00),(732,18250.00,18749.99,832.50),(733,18750.00,19249.99,855.00),(734,19250.00,19749.99,877.50),(735,19750.00,20249.99,900.00),(736,20250.00,20749.99,922.50),(737,20750.00,21249.99,945.00),(738,21250.00,21749.99,967.50),(739,21750.00,22249.99,990.00),(740,22250.00,22749.99,1012.50),(741,22750.00,23249.99,1035.00),(742,23250.00,23749.99,1057.50),(743,23750.00,24249.99,1080.00),(744,24250.00,24749.99,1102.50),(745,24750.00,99999.99,1125.00);
/*!40000 ALTER TABLE `sss_matrix` ENABLE KEYS */;
UNLOCK TABLES;

--
-- Table structure for table `tax_matrix`
--

DROP TABLE IF EXISTS `tax_matrix`;
/*!40101 SET @saved_cs_client     = @@character_set_client */;
/*!50503 SET character_set_client = utf8mb4 */;
CREATE TABLE `tax_matrix` (
  `taxID` int NOT NULL,
  `tSalaryMin` decimal(8,2) DEFAULT NULL,
  `tSalaryMax` decimal(20,2) DEFAULT NULL,
  `flatRate` decimal(8,2) DEFAULT NULL,
  `taxRate` decimal(4,2) DEFAULT NULL,
  PRIMARY KEY (`taxID`)
) ENGINE=InnoDB DEFAULT CHARSET=utf8mb4 COLLATE=utf8mb4_0900_ai_ci;
/*!40101 SET character_set_client = @saved_cs_client */;

--
-- Dumping data for table `tax_matrix`
--

LOCK TABLES `tax_matrix` WRITE;
/*!40000 ALTER TABLE `tax_matrix` DISABLE KEYS */;
INSERT INTO `tax_matrix` VALUES (1001,0.00,20832.00,0.00,0.00),(1002,20833.00,33332.00,0.00,0.20),(1003,33333.00,66666.00,2500.00,0.25),(1004,66667.00,166666.00,10833.00,0.30),(1005,166667.00,666666.00,40833.33,0.32),(1006,666667.00,9999999999999.99,200833.33,0.35);
/*!40000 ALTER TABLE `tax_matrix` ENABLE KEYS */;
UNLOCK TABLES;

--
-- Table structure for table `time_attendance`
--

DROP TABLE IF EXISTS `time_attendance`;
/*!40101 SET @saved_cs_client     = @@character_set_client */;
/*!50503 SET character_set_client = utf8mb4 */;
CREATE TABLE `time_attendance` (
  `attendanceID` int NOT NULL AUTO_INCREMENT,
  `employeeID` int DEFAULT NULL,
  `statusID` int DEFAULT NULL,
  `timeIn` datetime DEFAULT NULL,
  `timeOut` datetime DEFAULT NULL,
  PRIMARY KEY (`attendanceID`),
  UNIQUE KEY `attendanceID_UNIQUE` (`attendanceID`),
  KEY `fk_attendance_employee_idx` (`employeeID`),
  KEY `fk_attendance_status_idx` (`statusID`),
  CONSTRAINT `fk_attendance_employee` FOREIGN KEY (`employeeID`) REFERENCES `employee` (`employeeID`),
  CONSTRAINT `fk_attendance_status` FOREIGN KEY (`statusID`) REFERENCES `attendance_status` (`statusID`)
) ENGINE=InnoDB AUTO_INCREMENT=2967 DEFAULT CHARSET=utf8mb4 COLLATE=utf8mb4_0900_ai_ci;
/*!40101 SET character_set_client = @saved_cs_client */;

--
-- Dumping data for table `time_attendance`
--

LOCK TABLES `time_attendance` WRITE;
/*!40000 ALTER TABLE `time_attendance` DISABLE KEYS */;
INSERT INTO `time_attendance` VALUES (1,1,1,'2022-09-01 08:00:00','2022-09-01 17:00:00'),(2,1,1,'2022-09-02 08:00:00','2022-09-02 17:00:00'),(3,1,1,'2022-09-05 08:00:00','2022-09-05 17:00:00'),(4,1,1,'2022-09-06 08:00:00','2022-09-06 17:00:00'),(5,1,1,'2022-09-07 08:00:00','2022-09-07 17:00:00'),(6,1,1,'2022-09-08 08:00:00','2022-09-08 17:00:00'),(7,1,1,'2022-09-09 08:00:00','2022-09-09 17:00:00'),(8,1,1,'2022-09-12 08:00:00','2022-09-12 17:00:00'),(9,1,1,'2022-09-13 08:00:00','2022-09-13 17:00:00'),(10,1,1,'2022-09-14 08:00:00','2022-09-14 17:00:00'),(11,1,1,'2022-09-15 08:00:00','2022-09-15 17:00:00'),(12,1,1,'2022-09-16 08:00:00','2022-09-16 17:00:00'),(13,1,1,'2022-09-19 08:00:00','2022-09-19 17:00:00'),(14,1,1,'2022-09-20 08:00:00','2022-09-20 17:00:00'),(15,1,1,'2022-09-21 08:00:00','2022-09-21 17:00:00'),(16,1,1,'2022-09-22 08:00:00','2022-09-22 17:00:00'),(17,1,1,'2022-09-23 08:00:00','2022-09-23 17:00:00'),(18,1,1,'2022-09-26 08:00:00','2022-09-26 17:00:00'),(19,1,1,'2022-09-27 08:00:00','2022-09-27 17:00:00'),(20,1,1,'2022-09-28 08:00:00','2022-09-28 17:00:00'),(21,1,1,'2022-09-29 08:00:00','2022-09-29 17:00:00'),(22,1,1,'2022-09-30 08:00:00','2022-09-30 17:00:00'),(23,1,1,'2022-10-03 08:00:00','2022-10-03 17:00:00'),(24,1,1,'2022-10-04 08:00:00','2022-10-04 17:00:00'),(25,1,1,'2022-10-05 08:00:00','2022-10-05 17:00:00'),(26,1,1,'2022-10-06 08:00:00','2022-10-06 17:00:00'),(27,1,1,'2022-10-07 08:00:00','2022-10-07 17:00:00'),(28,1,1,'2022-10-10 08:00:00','2022-10-10 17:00:00'),(29,1,1,'2022-10-11 08:00:00','2022-10-11 17:00:00'),(30,1,1,'2022-10-12 08:00:00','2022-10-12 17:00:00'),(31,1,1,'2022-10-13 08:00:00','2022-10-13 17:00:00'),(32,1,1,'2022-10-14 08:00:00','2022-10-14 17:00:00'),(33,1,1,'2022-10-17 08:00:00','2022-10-17 17:00:00'),(34,1,1,'2022-10-18 08:00:00','2022-10-18 17:00:00'),(35,1,1,'2022-10-19 08:00:00','2022-10-19 17:00:00'),(36,1,1,'2022-10-20 08:00:00','2022-10-20 17:00:00'),(37,1,1,'2022-10-21 08:00:00','2022-10-21 17:00:00'),(38,1,1,'2022-10-24 08:00:00','2022-10-24 17:00:00'),(39,1,1,'2022-10-25 08:00:00','2022-10-25 17:00:00'),(40,1,1,'2022-10-26 08:00:00','2022-10-26 17:00:00'),(41,1,1,'2022-10-27 08:00:00','2022-10-27 17:00:00'),(42,1,1,'2022-10-28 08:00:00','2022-10-28 17:00:00'),(43,1,1,'2022-10-31 08:00:00','2022-10-31 17:00:00'),(44,1,2,'2022-11-01 00:00:00','2022-11-01 00:00:00'),(45,1,1,'2022-11-02 08:00:00','2022-11-02 17:00:00'),(46,1,1,'2022-11-03 08:00:00','2022-11-03 17:00:00'),(47,1,1,'2022-11-04 08:00:00','2022-11-04 17:00:00'),(48,1,1,'2022-11-07 08:00:00','2022-11-07 17:00:00'),(49,1,1,'2022-11-08 08:00:00','2022-11-08 17:00:00'),(50,1,1,'2022-11-09 08:00:00','2022-11-09 17:00:00'),(51,1,1,'2022-11-10 08:00:00','2022-11-10 17:00:00'),(52,1,1,'2022-11-11 08:00:00','2022-11-11 17:00:00'),(53,1,1,'2022-11-14 08:00:00','2022-11-14 17:00:00'),(54,1,1,'2022-11-15 08:00:00','2022-11-15 17:00:00'),(55,1,1,'2022-11-16 08:00:00','2022-11-16 17:00:00'),(56,1,1,'2022-11-17 08:00:00','2022-11-17 17:00:00'),(57,1,1,'2022-11-18 08:00:00','2022-11-18 17:00:00'),(58,1,1,'2022-11-21 08:00:00','2022-11-21 17:00:00'),(59,1,1,'2022-11-22 08:00:00','2022-11-22 17:00:00'),(60,1,1,'2022-11-23 08:00:00','2022-11-23 17:00:00'),(61,1,1,'2022-11-24 08:00:00','2022-11-24 17:00:00'),(62,1,1,'2022-11-25 08:00:00','2022-11-25 17:00:00'),(63,1,1,'2022-11-28 08:00:00','2022-11-28 17:00:00'),(64,1,1,'2022-11-29 08:00:00','2022-11-29 17:00:00'),(65,1,2,'2022-11-30 00:00:00','2022-11-30 00:00:00'),(66,1,1,'2022-12-01 08:00:00','2022-12-01 17:00:00'),(67,1,1,'2022-12-02 08:00:00','2022-12-02 17:00:00'),(68,1,1,'2022-12-05 08:00:00','2022-12-05 17:00:00'),(69,1,1,'2022-12-06 08:00:00','2022-12-06 17:00:00'),(70,1,1,'2022-12-07 08:00:00','2022-12-07 17:00:00'),(71,1,2,'2022-12-08 00:00:00','2022-12-08 00:00:00'),(72,1,1,'2022-12-09 08:00:00','2022-12-09 17:00:00'),(73,1,1,'2022-12-12 08:00:00','2022-12-12 17:00:00'),(74,1,1,'2022-12-13 08:00:00','2022-12-13 17:00:00'),(75,1,1,'2022-12-14 08:00:00','2022-12-14 17:00:00'),(76,1,1,'2022-12-15 08:00:00','2022-12-15 17:00:00'),(77,1,1,'2022-12-16 08:00:00','2022-12-16 17:00:00'),(78,1,1,'2022-12-19 08:00:00','2022-12-19 17:00:00'),(79,1,1,'2022-12-20 08:00:00','2022-12-20 17:00:00'),(80,1,1,'2022-12-21 08:00:00','2022-12-21 17:00:00'),(81,1,1,'2022-12-22 08:00:00','2022-12-22 17:00:00'),(82,1,1,'2022-12-23 08:00:00','2022-12-23 17:00:00'),(83,1,1,'2022-12-26 08:00:00','2022-12-26 17:00:00'),(84,1,1,'2022-12-27 08:00:00','2022-12-27 17:00:00'),(85,1,1,'2022-12-28 08:00:00','2022-12-28 17:00:00'),(86,1,1,'2022-12-29 08:00:00','2022-12-29 17:00:00'),(87,1,2,'2022-12-30 00:00:00','2022-12-30 00:00:00'),(88,2,1,'2022-09-01 08:00:00','2022-09-01 17:00:00'),(89,2,1,'2022-09-02 08:00:00','2022-09-02 17:00:00'),(90,2,1,'2022-09-05 08:00:00','2022-09-05 17:00:00'),(91,2,1,'2022-09-06 08:00:00','2022-09-06 17:00:00'),(92,2,1,'2022-09-07 08:00:00','2022-09-07 17:00:00'),(93,2,1,'2022-09-08 08:00:00','2022-09-08 17:00:00'),(94,2,1,'2022-09-09 08:00:00','2022-09-09 17:00:00'),(95,2,1,'2022-09-12 08:00:00','2022-09-12 17:00:00'),(96,2,1,'2022-09-13 08:00:00','2022-09-13 17:00:00'),(97,2,1,'2022-09-14 08:00:00','2022-09-14 17:00:00'),(98,2,1,'2022-09-15 08:00:00','2022-09-15 17:00:00'),(99,2,1,'2022-09-16 08:00:00','2022-09-16 17:00:00'),(100,2,1,'2022-09-19 08:00:00','2022-09-19 17:00:00'),(101,2,1,'2022-09-20 08:00:00','2022-09-20 17:00:00'),(102,2,1,'2022-09-21 08:00:00','2022-09-21 17:00:00'),(103,2,1,'2022-09-22 08:00:00','2022-09-22 17:00:00'),(104,2,1,'2022-09-23 08:00:00','2022-09-23 17:00:00'),(105,2,1,'2022-09-26 08:00:00','2022-09-26 17:00:00'),(106,2,1,'2022-09-27 08:00:00','2022-09-27 17:00:00'),(107,2,1,'2022-09-28 08:00:00','2022-09-28 17:00:00'),(108,2,1,'2022-09-29 08:00:00','2022-09-29 17:00:00'),(109,2,1,'2022-09-30 08:00:00','2022-09-30 17:00:00'),(110,2,1,'2022-10-03 08:00:00','2022-10-03 17:00:00'),(111,2,1,'2022-10-04 08:00:00','2022-10-04 17:00:00'),(112,2,1,'2022-10-05 08:00:00','2022-10-05 17:00:00'),(113,2,1,'2022-10-06 08:00:00','2022-10-06 17:00:00'),(114,2,1,'2022-10-07 08:00:00','2022-10-07 17:00:00'),(115,2,1,'2022-10-10 08:00:00','2022-10-10 17:00:00'),(116,2,1,'2022-10-11 08:00:00','2022-10-11 17:00:00'),(117,2,1,'2022-10-12 08:00:00','2022-10-12 17:00:00'),(118,2,1,'2022-10-13 08:00:00','2022-10-13 17:00:00'),(119,2,1,'2022-10-14 08:00:00','2022-10-14 17:00:00'),(120,2,1,'2022-10-17 08:00:00','2022-10-17 17:00:00'),(121,2,1,'2022-10-18 08:00:00','2022-10-18 17:00:00'),(122,2,1,'2022-10-19 08:00:00','2022-10-19 17:00:00'),(123,2,1,'2022-10-20 08:00:00','2022-10-20 17:00:00'),(124,2,1,'2022-10-21 08:00:00','2022-10-21 17:00:00'),(125,2,1,'2022-10-24 08:00:00','2022-10-24 17:00:00'),(126,2,1,'2022-10-25 08:00:00','2022-10-25 17:00:00'),(127,2,1,'2022-10-26 08:00:00','2022-10-26 17:00:00'),(128,2,1,'2022-10-27 08:00:00','2022-10-27 17:00:00'),(129,2,1,'2022-10-28 08:00:00','2022-10-28 17:00:00'),(130,2,1,'2022-10-31 08:00:00','2022-10-31 17:00:00'),(131,2,2,'2022-11-01 00:00:00','2022-11-01 00:00:00'),(132,2,1,'2022-11-02 08:00:00','2022-11-02 17:00:00'),(133,2,1,'2022-11-03 08:00:00','2022-11-03 17:00:00'),(134,2,1,'2022-11-04 08:00:00','2022-11-04 17:00:00'),(135,2,1,'2022-11-07 08:00:00','2022-11-07 17:00:00'),(136,2,1,'2022-11-08 08:00:00','2022-11-08 17:00:00'),(137,2,1,'2022-11-09 08:00:00','2022-11-09 17:00:00'),(138,2,1,'2022-11-10 08:00:00','2022-11-10 17:00:00'),(139,2,1,'2022-11-11 08:00:00','2022-11-11 17:00:00'),(140,2,1,'2022-11-14 08:00:00','2022-11-14 17:00:00'),(141,2,1,'2022-11-15 08:00:00','2022-11-15 17:00:00'),(142,2,1,'2022-11-16 08:00:00','2022-11-16 17:00:00'),(143,2,1,'2022-11-17 08:00:00','2022-11-17 17:00:00'),(144,2,1,'2022-11-18 08:00:00','2022-11-18 17:00:00'),(145,2,1,'2022-11-21 08:00:00','2022-11-21 17:00:00'),(146,2,1,'2022-11-22 08:00:00','2022-11-22 17:00:00'),(147,2,1,'2022-11-23 08:00:00','2022-11-23 17:00:00'),(148,2,1,'2022-11-24 08:00:00','2022-11-24 17:00:00'),(149,2,1,'2022-11-25 08:00:00','2022-11-25 17:00:00'),(150,2,1,'2022-11-28 08:00:00','2022-11-28 17:00:00'),(151,2,1,'2022-11-29 08:00:00','2022-11-29 17:00:00'),(152,2,2,'2022-11-30 00:00:00','2022-11-30 00:00:00'),(153,2,1,'2022-12-01 08:00:00','2022-12-01 17:00:00'),(154,2,1,'2022-12-02 08:00:00','2022-12-02 17:00:00'),(155,2,1,'2022-12-05 08:00:00','2022-12-05 17:00:00'),(156,2,1,'2022-12-06 08:00:00','2022-12-06 17:00:00'),(157,2,1,'2022-12-07 08:00:00','2022-12-07 17:00:00'),(158,2,2,'2022-12-08 00:00:00','2022-12-08 00:00:00'),(159,2,1,'2022-12-09 08:00:00','2022-12-09 17:00:00'),(160,2,1,'2022-12-12 08:00:00','2022-12-12 17:00:00'),(161,2,1,'2022-12-13 08:00:00','2022-12-13 17:00:00'),(162,2,1,'2022-12-14 08:00:00','2022-12-14 17:00:00'),(163,2,2,'2022-12-15 00:00:00','2022-12-15 00:00:00'),(164,2,2,'2022-12-16 00:00:00','2022-12-16 00:00:00'),(165,2,2,'2022-12-19 00:00:00','2022-12-19 00:00:00'),(166,2,2,'2022-12-20 00:00:00','2022-12-20 00:00:00'),(167,2,2,'2022-12-21 00:00:00','2022-12-21 00:00:00'),(168,2,2,'2022-12-22 00:00:00','2022-12-22 00:00:00'),(169,2,2,'2022-12-23 00:00:00','2022-12-23 00:00:00'),(170,2,2,'2022-12-26 00:00:00','2022-12-26 00:00:00'),(171,2,2,'2022-12-27 00:00:00','2022-12-27 00:00:00'),(172,2,2,'2022-12-28 00:00:00','2022-12-28 00:00:00'),(173,2,2,'2022-12-29 00:00:00','2022-12-29 00:00:00'),(174,2,2,'2022-12-30 00:00:00','2022-12-30 00:00:00'),(175,3,1,'2022-09-01 08:00:00','2022-09-01 17:00:00'),(176,3,1,'2022-09-02 08:00:00','2022-09-02 17:00:00'),(177,3,1,'2022-09-05 08:00:00','2022-09-05 17:00:00'),(178,3,3,'2022-09-06 11:30:00','2022-09-06 17:00:00'),(179,3,1,'2022-09-07 08:00:00','2022-09-07 17:00:00'),(180,3,1,'2022-09-08 08:00:00','2022-09-08 17:00:00'),(181,3,1,'2022-09-09 08:00:00','2022-09-09 17:00:00'),(182,3,1,'2022-09-12 08:00:00','2022-09-12 17:00:00'),(183,3,1,'2022-09-13 08:00:00','2022-09-13 17:00:00'),(184,3,1,'2022-09-14 08:00:00','2022-09-14 17:00:00'),(185,3,3,'2022-09-15 11:30:00','2022-09-15 17:00:00'),(186,3,1,'2022-09-16 08:00:00','2022-09-16 17:00:00'),(187,3,1,'2022-09-19 08:00:00','2022-09-19 17:00:00'),(188,3,1,'2022-09-20 08:00:00','2022-09-20 17:00:00'),(189,3,1,'2022-09-21 08:00:00','2022-09-21 17:00:00'),(190,3,1,'2022-09-22 08:00:00','2022-09-22 17:00:00'),(191,3,1,'2022-09-23 08:00:00','2022-09-23 17:00:00'),(192,3,3,'2022-09-26 11:30:00','2022-09-26 17:00:00'),(193,3,1,'2022-09-27 08:00:00','2022-09-27 17:00:00'),(194,3,1,'2022-09-28 08:00:00','2022-09-28 17:00:00'),(195,3,1,'2022-09-29 08:00:00','2022-09-29 17:00:00'),(196,3,1,'2022-09-30 08:00:00','2022-09-30 17:00:00'),(197,3,1,'2022-10-03 08:00:00','2022-10-03 17:00:00'),(198,3,1,'2022-10-04 08:00:00','2022-10-04 17:00:00'),(199,3,3,'2022-10-05 11:30:00','2022-10-05 17:00:00'),(200,3,1,'2022-10-06 08:00:00','2022-10-06 17:00:00'),(201,3,1,'2022-10-07 08:00:00','2022-10-07 17:00:00'),(202,3,1,'2022-10-10 08:00:00','2022-10-10 17:00:00'),(203,3,1,'2022-10-11 08:00:00','2022-10-11 17:00:00'),(204,3,1,'2022-10-12 08:00:00','2022-10-12 17:00:00'),(205,3,1,'2022-10-13 08:00:00','2022-10-13 17:00:00'),(206,3,3,'2022-10-14 11:30:00','2022-10-14 17:00:00'),(207,3,1,'2022-10-17 08:00:00','2022-10-17 17:00:00'),(208,3,1,'2022-10-18 08:00:00','2022-10-18 17:00:00'),(209,3,1,'2022-10-19 08:00:00','2022-10-19 17:00:00'),(210,3,1,'2022-10-20 08:00:00','2022-10-20 17:00:00'),(211,3,1,'2022-10-21 08:00:00','2022-10-21 17:00:00'),(212,3,1,'2022-10-24 08:00:00','2022-10-24 17:00:00'),(213,3,3,'2022-10-25 11:30:00','2022-10-25 17:00:00'),(214,3,1,'2022-10-26 08:00:00','2022-10-26 17:00:00'),(215,3,1,'2022-10-27 08:00:00','2022-10-27 17:00:00'),(216,3,1,'2022-10-28 08:00:00','2022-10-28 17:00:00'),(217,3,1,'2022-10-31 08:00:00','2022-10-31 17:00:00'),(218,3,2,'2022-11-01 00:00:00','2022-11-01 00:00:00'),(219,3,1,'2022-11-02 08:00:00','2022-11-02 17:00:00'),(220,3,3,'2022-11-03 11:30:00','2022-11-03 17:00:00'),(221,3,1,'2022-11-04 08:00:00','2022-11-04 17:00:00'),(222,3,1,'2022-11-07 08:00:00','2022-11-07 17:00:00'),(223,3,1,'2022-11-08 08:00:00','2022-11-08 17:00:00'),(224,3,1,'2022-11-09 08:00:00','2022-11-09 17:00:00'),(225,3,1,'2022-11-10 08:00:00','2022-11-10 17:00:00'),(226,3,1,'2022-11-11 08:00:00','2022-11-11 17:00:00'),(227,3,3,'2022-11-14 11:30:00','2022-11-14 17:00:00'),(228,3,1,'2022-11-15 08:00:00','2022-11-15 17:00:00'),(229,3,1,'2022-11-16 08:00:00','2022-11-16 17:00:00'),(230,3,1,'2022-11-17 08:00:00','2022-11-17 17:00:00'),(231,3,1,'2022-11-18 08:00:00','2022-11-18 17:00:00'),(232,3,1,'2022-11-21 08:00:00','2022-11-21 17:00:00'),(233,3,1,'2022-11-22 08:00:00','2022-11-22 17:00:00'),(234,3,3,'2022-11-23 11:30:00','2022-11-23 17:00:00'),(235,3,1,'2022-11-24 08:00:00','2022-11-24 17:00:00'),(236,3,1,'2022-11-25 08:00:00','2022-11-25 17:00:00'),(237,3,1,'2022-11-28 08:00:00','2022-11-28 17:00:00'),(238,3,1,'2022-11-29 08:00:00','2022-11-29 17:00:00'),(239,3,2,'2022-11-30 00:00:00','2022-11-30 00:00:00'),(240,3,1,'2022-12-01 08:00:00','2022-12-01 17:00:00'),(241,3,3,'2022-12-02 11:30:00','2022-12-02 17:00:00'),(242,3,1,'2022-12-05 08:00:00','2022-12-05 17:00:00'),(243,3,1,'2022-12-06 08:00:00','2022-12-06 17:00:00'),(244,3,1,'2022-12-07 08:00:00','2022-12-07 17:00:00'),(245,3,2,'2022-12-08 00:00:00','2022-12-08 00:00:00'),(246,3,1,'2022-12-09 08:00:00','2022-12-09 17:00:00'),(247,3,1,'2022-12-12 08:00:00','2022-12-12 17:00:00'),(248,3,3,'2022-12-13 11:30:00','2022-12-13 17:00:00'),(249,3,1,'2022-12-14 08:00:00','2022-12-14 17:00:00'),(250,3,2,'2022-12-15 00:00:00','2022-12-15 00:00:00'),(251,3,2,'2022-12-16 00:00:00','2022-12-16 00:00:00'),(252,3,2,'2022-12-19 00:00:00','2022-12-19 00:00:00'),(253,3,2,'2022-12-20 00:00:00','2022-12-20 00:00:00'),(254,3,2,'2022-12-21 00:00:00','2022-12-21 00:00:00'),(255,3,2,'2022-12-22 00:00:00','2022-12-22 00:00:00'),(256,3,2,'2022-12-23 00:00:00','2022-12-23 00:00:00'),(257,3,2,'2022-12-26 00:00:00','2022-12-26 00:00:00'),(258,3,2,'2022-12-27 00:00:00','2022-12-27 00:00:00'),(259,3,2,'2022-12-28 00:00:00','2022-12-28 00:00:00'),(260,3,2,'2022-12-29 00:00:00','2022-12-29 00:00:00'),(261,3,2,'2022-12-30 00:00:00','2022-12-30 00:00:00'),(262,4,1,'2022-09-01 08:00:00','2022-09-01 17:00:00'),(263,4,1,'2022-09-02 08:00:00','2022-09-02 17:00:00'),(264,4,1,'2022-09-05 08:00:00','2022-09-05 17:00:00'),(265,4,1,'2022-09-06 08:00:00','2022-09-06 17:00:00'),(266,4,1,'2022-09-07 08:00:00','2022-09-07 17:00:00'),(267,4,1,'2022-09-08 08:00:00','2022-09-08 17:00:00'),(268,4,1,'2022-09-09 08:00:00','2022-09-09 17:00:00'),(269,4,1,'2022-09-12 08:00:00','2022-09-12 17:00:00'),(270,4,1,'2022-09-13 08:00:00','2022-09-13 17:00:00'),(271,4,1,'2022-09-14 08:00:00','2022-09-14 17:00:00'),(272,4,1,'2022-09-15 08:00:00','2022-09-15 17:00:00'),(273,4,1,'2022-09-16 08:00:00','2022-09-16 17:00:00'),(274,4,1,'2022-09-19 08:00:00','2022-09-19 17:00:00'),(275,4,1,'2022-09-20 08:00:00','2022-09-20 17:00:00'),(276,4,1,'2022-09-21 08:00:00','2022-09-21 17:00:00'),(277,4,1,'2022-09-22 08:00:00','2022-09-22 17:00:00'),(278,4,1,'2022-09-23 08:00:00','2022-09-23 17:00:00'),(279,4,1,'2022-09-26 08:00:00','2022-09-26 17:00:00'),(280,4,1,'2022-09-27 08:00:00','2022-09-27 17:00:00'),(281,4,1,'2022-09-28 08:00:00','2022-09-28 17:00:00'),(282,4,1,'2022-09-29 08:00:00','2022-09-29 17:00:00'),(283,4,1,'2022-09-30 08:00:00','2022-09-30 17:00:00'),(284,4,1,'2022-10-03 08:00:00','2022-10-03 17:00:00'),(285,4,1,'2022-10-04 08:00:00','2022-10-04 17:00:00'),(286,4,1,'2022-10-05 08:00:00','2022-10-05 17:00:00'),(287,4,1,'2022-10-06 08:00:00','2022-10-06 17:00:00'),(288,4,1,'2022-10-07 08:00:00','2022-10-07 17:00:00'),(289,4,1,'2022-10-10 08:00:00','2022-10-10 17:00:00'),(290,4,1,'2022-10-11 08:00:00','2022-10-11 17:00:00'),(291,4,1,'2022-10-12 08:00:00','2022-10-12 17:00:00'),(292,4,1,'2022-10-13 08:00:00','2022-10-13 17:00:00'),(293,4,1,'2022-10-14 08:00:00','2022-10-14 17:00:00'),(294,4,1,'2022-10-17 08:00:00','2022-10-17 17:00:00'),(295,4,1,'2022-10-18 08:00:00','2022-10-18 17:00:00'),(296,4,1,'2022-10-19 08:00:00','2022-10-19 17:00:00'),(297,4,1,'2022-10-20 08:00:00','2022-10-20 17:00:00'),(298,4,1,'2022-10-21 08:00:00','2022-10-21 17:00:00'),(299,4,1,'2022-10-24 08:00:00','2022-10-24 17:00:00'),(300,4,1,'2022-10-25 08:00:00','2022-10-25 17:00:00'),(301,4,1,'2022-10-26 08:00:00','2022-10-26 17:00:00'),(302,4,1,'2022-10-27 08:00:00','2022-10-27 17:00:00'),(303,4,1,'2022-10-28 08:00:00','2022-10-28 17:00:00'),(304,4,1,'2022-10-31 08:00:00','2022-10-31 17:00:00'),(305,4,2,'2022-11-01 00:00:00','2022-11-01 00:00:00'),(306,4,1,'2022-11-02 08:00:00','2022-11-02 17:00:00'),(307,4,1,'2022-11-03 08:00:00','2022-11-03 17:00:00'),(308,4,1,'2022-11-04 08:00:00','2022-11-04 17:00:00'),(309,4,1,'2022-11-07 08:00:00','2022-11-07 17:00:00'),(310,4,1,'2022-11-08 08:00:00','2022-11-08 17:00:00'),(311,4,1,'2022-11-09 08:00:00','2022-11-09 17:00:00'),(312,4,1,'2022-11-10 08:00:00','2022-11-10 17:00:00'),(313,4,1,'2022-11-11 08:00:00','2022-11-11 17:00:00'),(314,4,1,'2022-11-14 08:00:00','2022-11-14 17:00:00'),(315,4,1,'2022-11-15 08:00:00','2022-11-15 17:00:00'),(316,4,1,'2022-11-16 08:00:00','2022-11-16 17:00:00'),(317,4,1,'2022-11-17 08:00:00','2022-11-17 17:00:00'),(318,4,1,'2022-11-18 08:00:00','2022-11-18 17:00:00'),(319,4,1,'2022-11-21 08:00:00','2022-11-21 17:00:00'),(320,4,1,'2022-11-22 08:00:00','2022-11-22 17:00:00'),(321,4,1,'2022-11-23 08:00:00','2022-11-23 17:00:00'),(322,4,1,'2022-11-24 08:00:00','2022-11-24 17:00:00'),(323,4,1,'2022-11-25 08:00:00','2022-11-25 17:00:00'),(324,4,1,'2022-11-28 08:00:00','2022-11-28 17:00:00'),(325,4,1,'2022-11-29 08:00:00','2022-11-29 17:00:00'),(326,4,2,'2022-11-30 00:00:00','2022-11-30 00:00:00'),(327,4,1,'2022-12-01 08:00:00','2022-12-01 17:00:00'),(328,4,1,'2022-12-02 08:00:00','2022-12-02 17:00:00'),(329,4,1,'2022-12-05 08:00:00','2022-12-05 17:00:00'),(330,4,1,'2022-12-06 08:00:00','2022-12-06 17:00:00'),(331,4,1,'2022-12-07 08:00:00','2022-12-07 17:00:00'),(332,4,2,'2022-12-08 00:00:00','2022-12-08 00:00:00'),(333,4,1,'2022-12-09 08:00:00','2022-12-09 17:00:00'),(334,4,1,'2022-12-12 08:00:00','2022-12-12 17:00:00'),(335,4,1,'2022-12-13 08:00:00','2022-12-13 17:00:00'),(336,4,1,'2022-12-14 08:00:00','2022-12-14 17:00:00'),(337,4,2,'2022-12-15 00:00:00','2022-12-15 00:00:00'),(338,4,2,'2022-12-16 00:00:00','2022-12-16 00:00:00'),(339,4,2,'2022-12-19 00:00:00','2022-12-19 00:00:00'),(340,4,2,'2022-12-20 00:00:00','2022-12-20 00:00:00'),(341,4,2,'2022-12-21 00:00:00','2022-12-21 00:00:00'),(342,4,2,'2022-12-22 00:00:00','2022-12-22 00:00:00'),(343,4,2,'2022-12-23 00:00:00','2022-12-23 00:00:00'),(344,4,2,'2022-12-26 00:00:00','2022-12-26 00:00:00'),(345,4,2,'2022-12-27 00:00:00','2022-12-27 00:00:00'),(346,4,2,'2022-12-28 00:00:00','2022-12-28 00:00:00'),(347,4,2,'2022-12-29 00:00:00','2022-12-29 00:00:00'),(348,4,2,'2022-12-30 00:00:00','2022-12-30 00:00:00'),(349,5,1,'2022-09-01 08:00:00','2022-09-01 17:00:00'),(350,5,1,'2022-09-02 08:00:00','2022-09-02 17:00:00'),(351,5,3,'2022-09-05 08:15:00','2022-09-05 17:00:00'),(352,5,1,'2022-09-06 08:00:00','2022-09-06 17:00:00'),(353,5,1,'2022-09-07 08:00:00','2022-09-07 17:00:00'),(354,5,1,'2022-09-08 08:00:00','2022-09-08 17:00:00'),(355,5,1,'2022-09-09 08:00:00','2022-09-09 17:00:00'),(356,5,1,'2022-09-12 08:00:00','2022-09-12 17:00:00'),(357,5,1,'2022-09-13 08:00:00','2022-09-13 17:00:00'),(358,5,3,'2022-09-14 08:15:00','2022-09-14 17:00:00'),(359,5,1,'2022-09-15 08:00:00','2022-09-15 17:00:00'),(360,5,1,'2022-09-16 08:00:00','2022-09-16 17:00:00'),(361,5,1,'2022-09-19 08:00:00','2022-09-19 17:00:00'),(362,5,1,'2022-09-20 08:00:00','2022-09-20 17:00:00'),(363,5,1,'2022-09-21 08:00:00','2022-09-21 17:00:00'),(364,5,1,'2022-09-22 08:00:00','2022-09-22 17:00:00'),(365,5,3,'2022-09-23 08:15:00','2022-09-23 17:00:00'),(366,5,1,'2022-09-26 08:00:00','2022-09-26 17:00:00'),(367,5,1,'2022-09-27 08:00:00','2022-09-27 17:00:00'),(368,5,1,'2022-09-28 08:00:00','2022-09-28 17:00:00'),(369,5,1,'2022-09-29 08:00:00','2022-09-29 17:00:00'),(370,5,1,'2022-09-30 08:00:00','2022-09-30 17:00:00'),(371,5,1,'2022-10-03 08:00:00','2022-10-03 17:00:00'),(372,5,3,'2022-10-04 08:15:00','2022-10-04 17:00:00'),(373,5,1,'2022-10-05 08:00:00','2022-10-05 17:00:00'),(374,5,1,'2022-10-06 08:00:00','2022-10-06 17:00:00'),(375,5,1,'2022-10-07 08:00:00','2022-10-07 17:00:00'),(376,5,1,'2022-10-10 08:00:00','2022-10-10 17:00:00'),(377,5,1,'2022-10-11 08:00:00','2022-10-11 17:00:00'),(378,5,1,'2022-10-12 08:00:00','2022-10-12 17:00:00'),(379,5,3,'2022-10-13 08:15:00','2022-10-13 17:00:00'),(380,5,1,'2022-10-14 08:00:00','2022-10-14 17:00:00'),(381,5,1,'2022-10-17 08:00:00','2022-10-17 17:00:00'),(382,5,1,'2022-10-18 08:00:00','2022-10-18 17:00:00'),(383,5,1,'2022-10-19 08:00:00','2022-10-19 17:00:00'),(384,5,1,'2022-10-20 08:00:00','2022-10-20 17:00:00'),(385,5,1,'2022-10-21 08:00:00','2022-10-21 17:00:00'),(386,5,3,'2022-10-24 08:15:00','2022-10-24 17:00:00'),(387,5,1,'2022-10-25 08:00:00','2022-10-25 17:00:00'),(388,5,1,'2022-10-26 08:00:00','2022-10-26 17:00:00'),(389,5,1,'2022-10-27 08:00:00','2022-10-27 17:00:00'),(390,5,1,'2022-10-28 08:00:00','2022-10-28 17:00:00'),(391,5,1,'2022-10-31 08:00:00','2022-10-31 17:00:00'),(392,5,2,'2022-11-01 00:00:00','2022-11-01 00:00:00'),(393,5,3,'2022-11-02 08:15:00','2022-11-02 17:00:00'),(394,5,1,'2022-11-03 08:00:00','2022-11-03 17:00:00'),(395,5,1,'2022-11-04 08:00:00','2022-11-04 17:00:00'),(396,5,1,'2022-11-07 08:00:00','2022-11-07 17:00:00'),(397,5,1,'2022-11-08 08:00:00','2022-11-08 17:00:00'),(398,5,1,'2022-11-09 08:00:00','2022-11-09 17:00:00'),(399,5,1,'2022-11-10 08:00:00','2022-11-10 17:00:00'),(400,5,3,'2022-11-11 08:15:00','2022-11-11 17:00:00'),(401,5,1,'2022-11-14 08:00:00','2022-11-14 17:00:00'),(402,5,1,'2022-11-15 08:00:00','2022-11-15 17:00:00'),(403,5,1,'2022-11-16 08:00:00','2022-11-16 17:00:00'),(404,5,1,'2022-11-17 08:00:00','2022-11-17 17:00:00'),(405,5,1,'2022-11-18 08:00:00','2022-11-18 17:00:00'),(406,5,1,'2022-11-21 08:00:00','2022-11-21 17:00:00'),(407,5,3,'2022-11-22 08:15:00','2022-11-22 17:00:00'),(408,5,1,'2022-11-23 08:00:00','2022-11-23 17:00:00'),(409,5,1,'2022-11-24 08:00:00','2022-11-24 17:00:00'),(410,5,1,'2022-11-25 08:00:00','2022-11-25 17:00:00'),(411,5,1,'2022-11-28 08:00:00','2022-11-28 17:00:00'),(412,5,1,'2022-11-29 08:00:00','2022-11-29 17:00:00'),(413,5,2,'2022-11-30 00:00:00','2022-11-30 00:00:00'),(414,5,3,'2022-12-01 08:15:00','2022-12-01 17:00:00'),(415,5,1,'2022-12-02 08:00:00','2022-12-02 17:00:00'),(416,5,1,'2022-12-05 08:00:00','2022-12-05 17:00:00'),(417,5,1,'2022-12-06 08:00:00','2022-12-06 17:00:00'),(418,5,1,'2022-12-07 08:00:00','2022-12-07 17:00:00'),(419,5,2,'2022-12-08 00:00:00','2022-12-08 00:00:00'),(420,5,1,'2022-12-09 08:00:00','2022-12-09 17:00:00'),(421,5,3,'2022-12-12 08:15:00','2022-12-12 17:00:00'),(422,5,1,'2022-12-13 08:00:00','2022-12-13 17:00:00'),(423,5,1,'2022-12-14 08:00:00','2022-12-14 17:00:00'),(424,5,2,'2022-12-15 00:00:00','2022-12-15 00:00:00'),(425,5,2,'2022-12-16 00:00:00','2022-12-16 00:00:00'),(426,5,2,'2022-12-19 00:00:00','2022-12-19 00:00:00'),(427,5,2,'2022-12-20 00:00:00','2022-12-20 00:00:00'),(428,5,2,'2022-12-21 00:00:00','2022-12-21 00:00:00'),(429,5,2,'2022-12-22 00:00:00','2022-12-22 00:00:00'),(430,5,2,'2022-12-23 00:00:00','2022-12-23 00:00:00'),(431,5,2,'2022-12-26 00:00:00','2022-12-26 00:00:00'),(432,5,2,'2022-12-27 00:00:00','2022-12-27 00:00:00'),(433,5,2,'2022-12-28 00:00:00','2022-12-28 00:00:00'),(434,5,2,'2022-12-29 00:00:00','2022-12-29 00:00:00'),(435,5,2,'2022-12-30 00:00:00','2022-12-30 00:00:00'),(436,6,1,'2022-09-01 08:00:00','2022-09-01 17:00:00'),(437,6,1,'2022-09-02 08:00:00','2022-09-02 17:00:00'),(438,6,1,'2022-09-05 08:00:00','2022-09-05 17:00:00'),(439,6,1,'2022-09-06 08:00:00','2022-09-06 17:00:00'),(440,6,1,'2022-09-07 08:00:00','2022-09-07 17:00:00'),(441,6,1,'2022-09-08 08:00:00','2022-09-08 17:00:00'),(442,6,1,'2022-09-09 08:00:00','2022-09-09 17:00:00'),(443,6,1,'2022-09-12 08:00:00','2022-09-12 17:00:00'),(444,6,1,'2022-09-13 08:00:00','2022-09-13 17:00:00'),(445,6,1,'2022-09-14 08:00:00','2022-09-14 17:00:00'),(446,6,1,'2022-09-15 08:00:00','2022-09-15 17:00:00'),(447,6,1,'2022-09-16 08:00:00','2022-09-16 17:00:00'),(448,6,1,'2022-09-19 08:00:00','2022-09-19 17:00:00'),(449,6,1,'2022-09-20 08:00:00','2022-09-20 17:00:00'),(450,6,1,'2022-09-21 08:00:00','2022-09-21 17:00:00'),(451,6,1,'2022-09-22 08:00:00','2022-09-22 17:00:00'),(452,6,1,'2022-09-23 08:00:00','2022-09-23 17:00:00'),(453,6,1,'2022-09-26 08:00:00','2022-09-26 17:00:00'),(454,6,1,'2022-09-27 08:00:00','2022-09-27 17:00:00'),(455,6,1,'2022-09-28 08:00:00','2022-09-28 17:00:00'),(456,6,1,'2022-09-29 08:00:00','2022-09-29 17:00:00'),(457,6,1,'2022-09-30 08:00:00','2022-09-30 17:00:00'),(458,6,1,'2022-10-03 08:00:00','2022-10-03 17:00:00'),(459,6,1,'2022-10-04 08:00:00','2022-10-04 17:00:00'),(460,6,1,'2022-10-05 08:00:00','2022-10-05 17:00:00'),(461,6,1,'2022-10-06 08:00:00','2022-10-06 17:00:00'),(462,6,1,'2022-10-07 08:00:00','2022-10-07 17:00:00'),(463,6,1,'2022-10-10 08:00:00','2022-10-10 17:00:00'),(464,6,1,'2022-10-11 08:00:00','2022-10-11 17:00:00'),(465,6,1,'2022-10-12 08:00:00','2022-10-12 17:00:00'),(466,6,1,'2022-10-13 08:00:00','2022-10-13 17:00:00'),(467,6,1,'2022-10-14 08:00:00','2022-10-14 17:00:00'),(468,6,1,'2022-10-17 08:00:00','2022-10-17 17:00:00'),(469,6,1,'2022-10-18 08:00:00','2022-10-18 17:00:00'),(470,6,1,'2022-10-19 08:00:00','2022-10-19 17:00:00'),(471,6,1,'2022-10-20 08:00:00','2022-10-20 17:00:00'),(472,6,1,'2022-10-21 08:00:00','2022-10-21 17:00:00'),(473,6,1,'2022-10-24 08:00:00','2022-10-24 17:00:00'),(474,6,1,'2022-10-25 08:00:00','2022-10-25 17:00:00'),(475,6,1,'2022-10-26 08:00:00','2022-10-26 17:00:00'),(476,6,1,'2022-10-27 08:00:00','2022-10-27 17:00:00'),(477,6,1,'2022-10-28 08:00:00','2022-10-28 17:00:00'),(478,6,1,'2022-10-31 08:00:00','2022-10-31 17:00:00'),(479,6,2,'2022-11-01 00:00:00','2022-11-01 00:00:00'),(480,6,1,'2022-11-02 08:00:00','2022-11-02 17:00:00'),(481,6,1,'2022-11-03 08:00:00','2022-11-03 17:00:00'),(482,6,1,'2022-11-04 08:00:00','2022-11-04 17:00:00'),(483,6,1,'2022-11-07 08:00:00','2022-11-07 17:00:00'),(484,6,1,'2022-11-08 08:00:00','2022-11-08 17:00:00'),(485,6,1,'2022-11-09 08:00:00','2022-11-09 17:00:00'),(486,6,1,'2022-11-10 08:00:00','2022-11-10 17:00:00'),(487,6,1,'2022-11-11 08:00:00','2022-11-11 17:00:00'),(488,6,1,'2022-11-14 08:00:00','2022-11-14 17:00:00'),(489,6,1,'2022-11-15 08:00:00','2022-11-15 17:00:00'),(490,6,1,'2022-11-16 08:00:00','2022-11-16 17:00:00'),(491,6,1,'2022-11-17 08:00:00','2022-11-17 17:00:00'),(492,6,1,'2022-11-18 08:00:00','2022-11-18 17:00:00'),(493,6,1,'2022-11-21 08:00:00','2022-11-21 17:00:00'),(494,6,1,'2022-11-22 08:00:00','2022-11-22 17:00:00'),(495,6,1,'2022-11-23 08:00:00','2022-11-23 17:00:00'),(496,6,1,'2022-11-24 08:00:00','2022-11-24 17:00:00'),(497,6,1,'2022-11-25 08:00:00','2022-11-25 17:00:00'),(498,6,1,'2022-11-28 08:00:00','2022-11-28 17:00:00'),(499,6,1,'2022-11-29 08:00:00','2022-11-29 17:00:00'),(500,6,2,'2022-11-30 00:00:00','2022-11-30 00:00:00'),(501,6,1,'2022-12-01 08:00:00','2022-12-01 17:00:00'),(502,6,1,'2022-12-02 08:00:00','2022-12-02 17:00:00'),(503,6,1,'2022-12-05 08:00:00','2022-12-05 17:00:00'),(504,6,1,'2022-12-06 08:00:00','2022-12-06 17:00:00'),(505,6,1,'2022-12-07 08:00:00','2022-12-07 17:00:00'),(506,6,2,'2022-12-08 00:00:00','2022-12-08 00:00:00'),(507,6,1,'2022-12-09 08:00:00','2022-12-09 17:00:00'),(508,6,1,'2022-12-12 08:00:00','2022-12-12 17:00:00'),(509,6,1,'2022-12-13 08:00:00','2022-12-13 17:00:00'),(510,6,1,'2022-12-14 08:00:00','2022-12-14 17:00:00'),(511,6,2,'2022-12-15 00:00:00','2022-12-15 00:00:00'),(512,6,2,'2022-12-16 00:00:00','2022-12-16 00:00:00'),(513,6,2,'2022-12-19 00:00:00','2022-12-19 00:00:00'),(514,6,2,'2022-12-20 00:00:00','2022-12-20 00:00:00'),(515,6,2,'2022-12-21 00:00:00','2022-12-21 00:00:00'),(516,6,2,'2022-12-22 00:00:00','2022-12-22 00:00:00'),(517,6,2,'2022-12-23 00:00:00','2022-12-23 00:00:00'),(518,6,2,'2022-12-26 00:00:00','2022-12-26 00:00:00'),(519,6,2,'2022-12-27 00:00:00','2022-12-27 00:00:00'),(520,6,2,'2022-12-28 00:00:00','2022-12-28 00:00:00'),(521,6,2,'2022-12-29 00:00:00','2022-12-29 00:00:00'),(522,6,2,'2022-12-30 00:00:00','2022-12-30 00:00:00'),(523,7,3,'2022-09-01 08:27:00','2022-09-01 17:00:00'),(524,7,1,'2022-09-02 08:00:00','2022-09-02 17:00:00'),(525,7,1,'2022-09-05 08:00:00','2022-09-05 17:00:00'),(526,7,1,'2022-09-06 08:00:00','2022-09-06 17:00:00'),(527,7,1,'2022-09-07 08:00:00','2022-09-07 17:00:00'),(528,7,1,'2022-09-08 08:00:00','2022-09-08 17:00:00'),(529,7,1,'2022-09-09 08:00:00','2022-09-09 17:00:00'),(530,7,3,'2022-09-12 08:27:00','2022-09-12 17:00:00'),(531,7,1,'2022-09-13 08:00:00','2022-09-13 17:00:00'),(532,7,1,'2022-09-14 08:00:00','2022-09-14 17:00:00'),(533,7,1,'2022-09-15 08:00:00','2022-09-15 17:00:00'),(534,7,1,'2022-09-16 08:00:00','2022-09-16 17:00:00'),(535,7,1,'2022-09-19 08:00:00','2022-09-19 17:00:00'),(536,7,1,'2022-09-20 08:00:00','2022-09-20 17:00:00'),(537,7,3,'2022-09-21 08:27:00','2022-09-21 17:00:00'),(538,7,1,'2022-09-22 08:00:00','2022-09-22 17:00:00'),(539,7,1,'2022-09-23 08:00:00','2022-09-23 17:00:00'),(540,7,1,'2022-09-26 08:00:00','2022-09-26 17:00:00'),(541,7,1,'2022-09-27 08:00:00','2022-09-27 17:00:00'),(542,7,1,'2022-09-28 08:00:00','2022-09-28 17:00:00'),(543,7,1,'2022-09-29 08:00:00','2022-09-29 17:00:00'),(544,7,3,'2022-09-30 08:27:00','2022-09-30 17:00:00'),(545,7,1,'2022-10-03 08:00:00','2022-10-03 17:00:00'),(546,7,1,'2022-10-04 08:00:00','2022-10-04 17:00:00'),(547,7,1,'2022-10-05 08:00:00','2022-10-05 17:00:00'),(548,7,1,'2022-10-06 08:00:00','2022-10-06 17:00:00'),(549,7,1,'2022-10-07 08:00:00','2022-10-07 17:00:00'),(550,7,1,'2022-10-10 08:00:00','2022-10-10 17:00:00'),(551,7,3,'2022-10-11 08:27:00','2022-10-11 17:00:00'),(552,7,1,'2022-10-12 08:00:00','2022-10-12 17:00:00'),(553,7,1,'2022-10-13 08:00:00','2022-10-13 17:00:00'),(554,7,1,'2022-10-14 08:00:00','2022-10-14 17:00:00'),(555,7,1,'2022-10-17 08:00:00','2022-10-17 17:00:00'),(556,7,1,'2022-10-18 08:00:00','2022-10-18 17:00:00'),(557,7,1,'2022-10-19 08:00:00','2022-10-19 17:00:00'),(558,7,3,'2022-10-20 08:27:00','2022-10-20 17:00:00'),(559,7,1,'2022-10-21 08:00:00','2022-10-21 17:00:00'),(560,7,1,'2022-10-24 08:00:00','2022-10-24 17:00:00'),(561,7,1,'2022-10-25 08:00:00','2022-10-25 17:00:00'),(562,7,1,'2022-10-26 08:00:00','2022-10-26 17:00:00'),(563,7,1,'2022-10-27 08:00:00','2022-10-27 17:00:00'),(564,7,1,'2022-10-28 08:00:00','2022-10-28 17:00:00'),(565,7,3,'2022-10-31 08:27:00','2022-10-31 17:00:00'),(566,7,2,'2022-11-01 00:00:00','2022-11-01 00:00:00'),(567,7,1,'2022-11-02 08:00:00','2022-11-02 17:00:00'),(568,7,1,'2022-11-03 08:00:00','2022-11-03 17:00:00'),(569,7,1,'2022-11-04 08:00:00','2022-11-04 17:00:00'),(570,7,1,'2022-11-07 08:00:00','2022-11-07 17:00:00'),(571,7,1,'2022-11-08 08:00:00','2022-11-08 17:00:00'),(572,7,3,'2022-11-09 08:27:00','2022-11-09 17:00:00'),(573,7,1,'2022-11-10 08:00:00','2022-11-10 17:00:00'),(574,7,1,'2022-11-11 08:00:00','2022-11-11 17:00:00'),(575,7,1,'2022-11-14 08:00:00','2022-11-14 17:00:00'),(576,7,1,'2022-11-15 08:00:00','2022-11-15 17:00:00'),(577,7,1,'2022-11-16 08:00:00','2022-11-16 17:00:00'),(578,7,1,'2022-11-17 08:00:00','2022-11-17 17:00:00'),(579,7,3,'2022-11-18 08:27:00','2022-11-18 17:00:00'),(580,7,1,'2022-11-21 08:00:00','2022-11-21 17:00:00'),(581,7,1,'2022-11-22 08:00:00','2022-11-22 17:00:00'),(582,7,1,'2022-11-23 08:00:00','2022-11-23 17:00:00'),(583,7,1,'2022-11-24 08:00:00','2022-11-24 17:00:00'),(584,7,1,'2022-11-25 08:00:00','2022-11-25 17:00:00'),(585,7,1,'2022-11-28 08:00:00','2022-11-28 17:00:00'),(586,7,3,'2022-11-29 08:27:00','2022-11-29 17:00:00'),(587,7,2,'2022-11-30 00:00:00','2022-11-30 00:00:00'),(588,7,1,'2022-12-01 08:00:00','2022-12-01 17:00:00'),(589,7,1,'2022-12-02 08:00:00','2022-12-02 17:00:00'),(590,7,1,'2022-12-05 08:00:00','2022-12-05 17:00:00'),(591,7,1,'2022-12-06 08:00:00','2022-12-06 17:00:00'),(592,7,1,'2022-12-07 08:00:00','2022-12-07 17:00:00'),(593,7,2,'2022-12-08 00:00:00','2022-12-08 00:00:00'),(594,7,1,'2022-12-09 08:00:00','2022-12-09 17:00:00'),(595,7,1,'2022-12-12 08:00:00','2022-12-12 17:00:00'),(596,7,1,'2022-12-13 08:00:00','2022-12-13 17:00:00'),(597,7,1,'2022-12-14 08:00:00','2022-12-14 17:00:00'),(598,7,1,'2022-12-15 08:00:00','2022-12-15 17:00:00'),(599,7,1,'2022-12-16 08:00:00','2022-12-16 17:00:00'),(600,7,3,'2022-12-19 08:27:00','2022-12-19 17:00:00'),(601,7,1,'2022-12-20 08:00:00','2022-12-20 17:00:00'),(602,7,1,'2022-12-21 08:00:00','2022-12-21 17:00:00'),(603,7,1,'2022-12-22 08:00:00','2022-12-22 17:00:00'),(604,7,1,'2022-12-23 08:00:00','2022-12-23 17:00:00'),(605,7,1,'2022-12-26 08:00:00','2022-12-26 17:00:00'),(606,7,1,'2022-12-27 08:00:00','2022-12-27 17:00:00'),(607,7,3,'2022-12-28 08:27:00','2022-12-28 17:00:00'),(608,7,1,'2022-12-29 08:00:00','2022-12-29 17:00:00'),(609,7,1,'2022-12-30 08:00:00','2022-12-30 17:00:00'),(610,8,3,'2022-09-01 08:27:00','2022-09-01 17:00:00'),(611,8,1,'2022-09-02 08:00:00','2022-09-02 17:00:00'),(612,8,1,'2022-09-05 08:00:00','2022-09-05 17:00:00'),(613,8,1,'2022-09-06 08:00:00','2022-09-06 17:00:00'),(614,8,1,'2022-09-07 08:00:00','2022-09-07 17:00:00'),(615,8,1,'2022-09-08 08:00:00','2022-09-08 17:00:00'),(616,8,1,'2022-09-09 08:00:00','2022-09-09 17:00:00'),(617,8,3,'2022-09-12 08:27:00','2022-09-12 17:00:00'),(618,8,1,'2022-09-13 08:00:00','2022-09-13 17:00:00'),(619,8,1,'2022-09-14 08:00:00','2022-09-14 17:00:00'),(620,8,1,'2022-09-15 08:00:00','2022-09-15 17:00:00'),(621,8,1,'2022-09-16 08:00:00','2022-09-16 17:00:00'),(622,8,1,'2022-09-19 08:00:00','2022-09-19 17:00:00'),(623,8,1,'2022-09-20 08:00:00','2022-09-20 17:00:00'),(624,8,3,'2022-09-21 08:27:00','2022-09-21 17:00:00'),(625,8,1,'2022-09-22 08:00:00','2022-09-22 17:00:00'),(626,8,1,'2022-09-23 08:00:00','2022-09-23 17:00:00'),(627,8,1,'2022-09-26 08:00:00','2022-09-26 17:00:00'),(628,8,1,'2022-09-27 08:00:00','2022-09-27 17:00:00'),(629,8,1,'2022-09-28 08:00:00','2022-09-28 17:00:00'),(630,8,1,'2022-09-29 08:00:00','2022-09-29 17:00:00'),(631,8,3,'2022-09-30 08:27:00','2022-09-30 17:00:00'),(632,8,1,'2022-10-03 08:00:00','2022-10-03 17:00:00'),(633,8,1,'2022-10-04 08:00:00','2022-10-04 17:00:00'),(634,8,1,'2022-10-05 08:00:00','2022-10-05 17:00:00'),(635,8,1,'2022-10-06 08:00:00','2022-10-06 17:00:00'),(636,8,1,'2022-10-07 08:00:00','2022-10-07 17:00:00'),(637,8,1,'2022-10-10 08:00:00','2022-10-10 17:00:00'),(638,8,3,'2022-10-11 08:27:00','2022-10-11 17:00:00'),(639,8,1,'2022-10-12 08:00:00','2022-10-12 17:00:00'),(640,8,1,'2022-10-13 08:00:00','2022-10-13 17:00:00'),(641,8,1,'2022-10-14 08:00:00','2022-10-14 17:00:00'),(642,8,1,'2022-10-17 08:00:00','2022-10-17 17:00:00'),(643,8,1,'2022-10-18 08:00:00','2022-10-18 17:00:00'),(644,8,1,'2022-10-19 08:00:00','2022-10-19 17:00:00'),(645,8,3,'2022-10-20 08:27:00','2022-10-20 17:00:00'),(646,8,1,'2022-10-21 08:00:00','2022-10-21 17:00:00'),(647,8,1,'2022-10-24 08:00:00','2022-10-24 17:00:00'),(648,8,1,'2022-10-25 08:00:00','2022-10-25 17:00:00'),(649,8,1,'2022-10-26 08:00:00','2022-10-26 17:00:00'),(650,8,1,'2022-10-27 08:00:00','2022-10-27 17:00:00'),(651,8,1,'2022-10-28 08:00:00','2022-10-28 17:00:00'),(652,8,3,'2022-10-31 08:27:00','2022-10-31 17:00:00'),(653,8,2,'2022-11-01 00:00:00','2022-11-01 00:00:00'),(654,8,1,'2022-11-02 08:00:00','2022-11-02 17:00:00'),(655,8,1,'2022-11-03 08:00:00','2022-11-03 17:00:00'),(656,8,1,'2022-11-04 08:00:00','2022-11-04 17:00:00'),(657,8,1,'2022-11-07 08:00:00','2022-11-07 17:00:00'),(658,8,1,'2022-11-08 08:00:00','2022-11-08 17:00:00'),(659,8,3,'2022-11-09 08:27:00','2022-11-09 17:00:00'),(660,8,1,'2022-11-10 08:00:00','2022-11-10 17:00:00'),(661,8,1,'2022-11-11 08:00:00','2022-11-11 17:00:00'),(662,8,1,'2022-11-14 08:00:00','2022-11-14 17:00:00'),(663,8,1,'2022-11-15 08:00:00','2022-11-15 17:00:00'),(664,8,1,'2022-11-16 08:00:00','2022-11-16 17:00:00'),(665,8,1,'2022-11-17 08:00:00','2022-11-17 17:00:00'),(666,8,3,'2022-11-18 08:27:00','2022-11-18 17:00:00'),(667,8,1,'2022-11-21 08:00:00','2022-11-21 17:00:00'),(668,8,1,'2022-11-22 08:00:00','2022-11-22 17:00:00'),(669,8,1,'2022-11-23 08:00:00','2022-11-23 17:00:00'),(670,8,1,'2022-11-24 08:00:00','2022-11-24 17:00:00'),(671,8,1,'2022-11-25 08:00:00','2022-11-25 17:00:00'),(672,8,1,'2022-11-28 08:00:00','2022-11-28 17:00:00'),(673,8,3,'2022-11-29 08:27:00','2022-11-29 17:00:00'),(674,8,2,'2022-11-30 00:00:00','2022-11-30 00:00:00'),(675,8,1,'2022-12-01 08:00:00','2022-12-01 17:00:00'),(676,8,1,'2022-12-02 08:00:00','2022-12-02 17:00:00'),(677,8,1,'2022-12-05 08:00:00','2022-12-05 17:00:00'),(678,8,1,'2022-12-06 08:00:00','2022-12-06 17:00:00'),(679,8,1,'2022-12-07 08:00:00','2022-12-07 17:00:00'),(680,8,2,'2022-12-08 00:00:00','2022-12-08 00:00:00'),(681,8,1,'2022-12-09 08:00:00','2022-12-09 17:00:00'),(682,8,1,'2022-12-12 08:00:00','2022-12-12 17:00:00'),(683,8,1,'2022-12-13 08:00:00','2022-12-13 17:00:00'),(684,8,1,'2022-12-14 08:00:00','2022-12-14 17:00:00'),(685,8,1,'2022-12-15 08:00:00','2022-12-15 17:00:00'),(686,8,1,'2022-12-16 08:00:00','2022-12-16 17:00:00'),(687,8,3,'2022-12-19 08:27:00','2022-12-19 17:00:00'),(688,8,1,'2022-12-20 08:00:00','2022-12-20 17:00:00'),(689,8,1,'2022-12-21 08:00:00','2022-12-21 17:00:00'),(690,8,1,'2022-12-22 08:00:00','2022-12-22 17:00:00'),(691,8,1,'2022-12-23 08:00:00','2022-12-23 17:00:00'),(692,8,1,'2022-12-26 08:00:00','2022-12-26 17:00:00'),(693,8,1,'2022-12-27 08:00:00','2022-12-27 17:00:00'),(694,8,3,'2022-12-28 08:27:00','2022-12-28 17:00:00'),(695,8,1,'2022-12-29 08:00:00','2022-12-29 17:00:00'),(696,8,1,'2022-12-30 08:00:00','2022-12-30 17:00:00'),(697,9,3,'2022-09-01 08:27:00','2022-09-01 17:00:00'),(698,9,1,'2022-09-02 08:00:00','2022-09-02 17:00:00'),(699,9,1,'2022-09-05 08:00:00','2022-09-05 17:00:00'),(700,9,1,'2022-09-06 08:00:00','2022-09-06 17:00:00'),(701,9,1,'2022-09-07 08:00:00','2022-09-07 17:00:00'),(702,9,1,'2022-09-08 08:00:00','2022-09-08 17:00:00'),(703,9,1,'2022-09-09 08:00:00','2022-09-09 17:00:00'),(704,9,3,'2022-09-12 08:27:00','2022-09-12 17:00:00'),(705,9,1,'2022-09-13 08:00:00','2022-09-13 17:00:00'),(706,9,1,'2022-09-14 08:00:00','2022-09-14 17:00:00'),(707,9,1,'2022-09-15 08:00:00','2022-09-15 17:00:00'),(708,9,1,'2022-09-16 08:00:00','2022-09-16 17:00:00'),(709,9,1,'2022-09-19 08:00:00','2022-09-19 17:00:00'),(710,9,1,'2022-09-20 08:00:00','2022-09-20 17:00:00'),(711,9,3,'2022-09-21 08:27:00','2022-09-21 17:00:00'),(712,9,1,'2022-09-22 08:00:00','2022-09-22 17:00:00'),(713,9,1,'2022-09-23 08:00:00','2022-09-23 17:00:00'),(714,9,1,'2022-09-26 08:00:00','2022-09-26 17:00:00'),(715,9,1,'2022-09-27 08:00:00','2022-09-27 17:00:00'),(716,9,1,'2022-09-28 08:00:00','2022-09-28 17:00:00'),(717,9,1,'2022-09-29 08:00:00','2022-09-29 17:00:00'),(718,9,3,'2022-09-30 08:27:00','2022-09-30 17:00:00'),(719,9,1,'2022-10-03 08:00:00','2022-10-03 17:00:00'),(720,9,1,'2022-10-04 08:00:00','2022-10-04 17:00:00'),(721,9,1,'2022-10-05 08:00:00','2022-10-05 17:00:00'),(722,9,1,'2022-10-06 08:00:00','2022-10-06 17:00:00'),(723,9,1,'2022-10-07 08:00:00','2022-10-07 17:00:00'),(724,9,1,'2022-10-10 08:00:00','2022-10-10 17:00:00'),(725,9,3,'2022-10-11 08:27:00','2022-10-11 17:00:00'),(726,9,1,'2022-10-12 08:00:00','2022-10-12 17:00:00'),(727,9,1,'2022-10-13 08:00:00','2022-10-13 17:00:00'),(728,9,1,'2022-10-14 08:00:00','2022-10-14 17:00:00'),(729,9,1,'2022-10-17 08:00:00','2022-10-17 17:00:00'),(730,9,1,'2022-10-18 08:00:00','2022-10-18 17:00:00'),(731,9,1,'2022-10-19 08:00:00','2022-10-19 17:00:00'),(732,9,3,'2022-10-20 08:27:00','2022-10-20 17:00:00'),(733,9,1,'2022-10-21 08:00:00','2022-10-21 17:00:00'),(734,9,1,'2022-10-24 08:00:00','2022-10-24 17:00:00'),(735,9,1,'2022-10-25 08:00:00','2022-10-25 17:00:00'),(736,9,1,'2022-10-26 08:00:00','2022-10-26 17:00:00'),(737,9,1,'2022-10-27 08:00:00','2022-10-27 17:00:00'),(738,9,1,'2022-10-28 08:00:00','2022-10-28 17:00:00'),(739,9,3,'2022-10-31 08:27:00','2022-10-31 17:00:00'),(740,9,2,'2022-11-01 00:00:00','2022-11-01 00:00:00'),(741,9,1,'2022-11-02 08:00:00','2022-11-02 17:00:00'),(742,9,1,'2022-11-03 08:00:00','2022-11-03 17:00:00'),(743,9,1,'2022-11-04 08:00:00','2022-11-04 17:00:00'),(744,9,1,'2022-11-07 08:00:00','2022-11-07 17:00:00'),(745,9,1,'2022-11-08 08:00:00','2022-11-08 17:00:00'),(746,9,3,'2022-11-09 08:27:00','2022-11-09 17:00:00'),(747,9,1,'2022-11-10 08:00:00','2022-11-10 17:00:00'),(748,9,1,'2022-11-11 08:00:00','2022-11-11 17:00:00'),(749,9,1,'2022-11-14 08:00:00','2022-11-14 17:00:00'),(750,9,1,'2022-11-15 08:00:00','2022-11-15 17:00:00'),(751,9,1,'2022-11-16 08:00:00','2022-11-16 17:00:00'),(752,9,1,'2022-11-17 08:00:00','2022-11-17 17:00:00'),(753,9,3,'2022-11-18 08:27:00','2022-11-18 17:00:00'),(754,9,1,'2022-11-21 08:00:00','2022-11-21 17:00:00'),(755,9,1,'2022-11-22 08:00:00','2022-11-22 17:00:00'),(756,9,1,'2022-11-23 08:00:00','2022-11-23 17:00:00'),(757,9,1,'2022-11-24 08:00:00','2022-11-24 17:00:00'),(758,9,1,'2022-11-25 08:00:00','2022-11-25 17:00:00'),(759,9,1,'2022-11-28 08:00:00','2022-11-28 17:00:00'),(760,9,3,'2022-11-29 08:27:00','2022-11-29 17:00:00'),(761,9,2,'2022-11-30 00:00:00','2022-11-30 00:00:00'),(762,9,1,'2022-12-01 08:00:00','2022-12-01 17:00:00'),(763,9,1,'2022-12-02 08:00:00','2022-12-02 17:00:00'),(764,9,1,'2022-12-05 08:00:00','2022-12-05 17:00:00'),(765,9,1,'2022-12-06 08:00:00','2022-12-06 17:00:00'),(766,9,1,'2022-12-07 08:00:00','2022-12-07 17:00:00'),(767,9,2,'2022-12-08 00:00:00','2022-12-08 00:00:00'),(768,9,1,'2022-12-09 08:00:00','2022-12-09 17:00:00'),(769,9,1,'2022-12-12 08:00:00','2022-12-12 17:00:00'),(770,9,1,'2022-12-13 08:00:00','2022-12-13 17:00:00'),(771,9,1,'2022-12-14 08:00:00','2022-12-14 17:00:00'),(772,9,1,'2022-12-15 08:00:00','2022-12-15 17:00:00'),(773,9,1,'2022-12-16 08:00:00','2022-12-16 17:00:00'),(774,9,3,'2022-12-19 08:27:00','2022-12-19 17:00:00'),(775,9,1,'2022-12-20 08:00:00','2022-12-20 17:00:00'),(776,9,1,'2022-12-21 08:00:00','2022-12-21 17:00:00'),(777,9,1,'2022-12-22 08:00:00','2022-12-22 17:00:00'),(778,9,1,'2022-12-23 08:00:00','2022-12-23 17:00:00'),(779,9,1,'2022-12-26 08:00:00','2022-12-26 17:00:00'),(780,9,1,'2022-12-27 08:00:00','2022-12-27 17:00:00'),(781,9,3,'2022-12-28 08:27:00','2022-12-28 17:00:00'),(782,9,1,'2022-12-29 08:00:00','2022-12-29 17:00:00'),(783,9,1,'2022-12-30 08:00:00','2022-12-30 17:00:00'),(784,10,3,'2022-09-01 08:27:00','2022-09-01 17:00:00'),(785,10,1,'2022-09-02 08:00:00','2022-09-02 17:00:00'),(786,10,1,'2022-09-05 08:00:00','2022-09-05 17:00:00'),(787,10,1,'2022-09-06 08:00:00','2022-09-06 17:00:00'),(788,10,1,'2022-09-07 08:00:00','2022-09-07 17:00:00'),(789,10,1,'2022-09-08 08:00:00','2022-09-08 17:00:00'),(790,10,1,'2022-09-09 08:00:00','2022-09-09 17:00:00'),(791,10,3,'2022-09-12 08:27:00','2022-09-12 17:00:00'),(792,10,1,'2022-09-13 08:00:00','2022-09-13 17:00:00'),(793,10,1,'2022-09-14 08:00:00','2022-09-14 17:00:00'),(794,10,1,'2022-09-15 08:00:00','2022-09-15 17:00:00'),(795,10,1,'2022-09-16 08:00:00','2022-09-16 17:00:00'),(796,10,1,'2022-09-19 08:00:00','2022-09-19 17:00:00'),(797,10,1,'2022-09-20 08:00:00','2022-09-20 17:00:00'),(798,10,3,'2022-09-21 08:27:00','2022-09-21 17:00:00'),(799,10,1,'2022-09-22 08:00:00','2022-09-22 17:00:00'),(800,10,1,'2022-09-23 08:00:00','2022-09-23 17:00:00'),(801,10,1,'2022-09-26 08:00:00','2022-09-26 17:00:00'),(802,10,1,'2022-09-27 08:00:00','2022-09-27 17:00:00'),(803,10,1,'2022-09-28 08:00:00','2022-09-28 17:00:00'),(804,10,1,'2022-09-29 08:00:00','2022-09-29 17:00:00'),(805,10,3,'2022-09-30 08:27:00','2022-09-30 17:00:00'),(806,10,1,'2022-10-03 08:00:00','2022-10-03 17:00:00'),(807,10,1,'2022-10-04 08:00:00','2022-10-04 17:00:00'),(808,10,1,'2022-10-05 08:00:00','2022-10-05 17:00:00'),(809,10,1,'2022-10-06 08:00:00','2022-10-06 17:00:00'),(810,10,1,'2022-10-07 08:00:00','2022-10-07 17:00:00'),(811,10,1,'2022-10-10 08:00:00','2022-10-10 17:00:00'),(812,10,3,'2022-10-11 08:27:00','2022-10-11 17:00:00'),(813,10,1,'2022-10-12 08:00:00','2022-10-12 17:00:00'),(814,10,1,'2022-10-13 08:00:00','2022-10-13 17:00:00'),(815,10,1,'2022-10-14 08:00:00','2022-10-14 17:00:00'),(816,10,1,'2022-10-17 08:00:00','2022-10-17 17:00:00'),(817,10,1,'2022-10-18 08:00:00','2022-10-18 17:00:00'),(818,10,1,'2022-10-19 08:00:00','2022-10-19 17:00:00'),(819,10,3,'2022-10-20 08:27:00','2022-10-20 17:00:00'),(820,10,1,'2022-10-21 08:00:00','2022-10-21 17:00:00'),(821,10,1,'2022-10-24 08:00:00','2022-10-24 17:00:00'),(822,10,1,'2022-10-25 08:00:00','2022-10-25 17:00:00'),(823,10,1,'2022-10-26 08:00:00','2022-10-26 17:00:00'),(824,10,1,'2022-10-27 08:00:00','2022-10-27 17:00:00'),(825,10,1,'2022-10-28 08:00:00','2022-10-28 17:00:00'),(826,10,3,'2022-10-31 08:27:00','2022-10-31 17:00:00'),(827,10,2,'2022-11-01 00:00:00','2022-11-01 00:00:00'),(828,10,1,'2022-11-02 08:00:00','2022-11-02 17:00:00'),(829,10,1,'2022-11-03 08:00:00','2022-11-03 17:00:00'),(830,10,1,'2022-11-04 08:00:00','2022-11-04 17:00:00'),(831,10,1,'2022-11-07 08:00:00','2022-11-07 17:00:00'),(832,10,1,'2022-11-08 08:00:00','2022-11-08 17:00:00'),(833,10,3,'2022-11-09 08:27:00','2022-11-09 17:00:00'),(834,10,1,'2022-11-10 08:00:00','2022-11-10 17:00:00'),(835,10,1,'2022-11-11 08:00:00','2022-11-11 17:00:00'),(836,10,1,'2022-11-14 08:00:00','2022-11-14 17:00:00'),(837,10,1,'2022-11-15 08:00:00','2022-11-15 17:00:00'),(838,10,1,'2022-11-16 08:00:00','2022-11-16 17:00:00'),(839,10,1,'2022-11-17 08:00:00','2022-11-17 17:00:00'),(840,10,3,'2022-11-18 08:27:00','2022-11-18 17:00:00'),(841,10,1,'2022-11-21 08:00:00','2022-11-21 17:00:00'),(842,10,1,'2022-11-22 08:00:00','2022-11-22 17:00:00'),(843,10,1,'2022-11-23 08:00:00','2022-11-23 17:00:00'),(844,10,1,'2022-11-24 08:00:00','2022-11-24 17:00:00'),(845,10,1,'2022-11-25 08:00:00','2022-11-25 17:00:00'),(846,10,1,'2022-11-28 08:00:00','2022-11-28 17:00:00'),(847,10,3,'2022-11-29 08:27:00','2022-11-29 17:00:00'),(848,10,2,'2022-11-30 00:00:00','2022-11-30 00:00:00'),(849,10,1,'2022-12-01 08:00:00','2022-12-01 17:00:00'),(850,10,1,'2022-12-02 08:00:00','2022-12-02 17:00:00'),(851,10,1,'2022-12-05 08:00:00','2022-12-05 17:00:00'),(852,10,1,'2022-12-06 08:00:00','2022-12-06 17:00:00'),(853,10,1,'2022-12-07 08:00:00','2022-12-07 17:00:00'),(854,10,2,'2022-12-08 00:00:00','2022-12-08 00:00:00'),(855,10,1,'2022-12-09 08:00:00','2022-12-09 17:00:00'),(856,10,1,'2022-12-12 08:00:00','2022-12-12 17:00:00'),(857,10,1,'2022-12-13 08:00:00','2022-12-13 17:00:00'),(858,10,1,'2022-12-14 08:00:00','2022-12-14 17:00:00'),(859,10,1,'2022-12-15 08:00:00','2022-12-15 17:00:00'),(860,10,1,'2022-12-16 08:00:00','2022-12-16 17:00:00'),(861,10,3,'2022-12-19 08:27:00','2022-12-19 17:00:00'),(862,10,1,'2022-12-20 08:00:00','2022-12-20 17:00:00'),(863,10,1,'2022-12-21 08:00:00','2022-12-21 17:00:00'),(864,10,1,'2022-12-22 08:00:00','2022-12-22 17:00:00'),(865,10,1,'2022-12-23 08:00:00','2022-12-23 17:00:00'),(866,10,1,'2022-12-26 08:00:00','2022-12-26 17:00:00'),(867,10,1,'2022-12-27 08:00:00','2022-12-27 17:00:00'),(868,10,3,'2022-12-28 08:27:00','2022-12-28 17:00:00'),(869,10,1,'2022-12-29 08:00:00','2022-12-29 17:00:00'),(870,10,1,'2022-12-30 08:00:00','2022-12-30 17:00:00'),(874,4,3,'2024-06-10 11:32:25','2024-06-10 11:33:06'),(875,11,1,'2022-09-01 08:00:00','2022-09-01 17:00:00'),(876,11,1,'2022-09-02 08:00:00','2022-09-02 17:00:00'),(877,11,1,'2022-09-05 08:00:00','2022-09-05 17:00:00'),(878,11,1,'2022-09-06 08:00:00','2022-09-06 17:00:00'),(879,11,1,'2022-09-07 08:00:00','2022-09-07 17:00:00'),(880,11,1,'2022-09-08 08:00:00','2022-09-08 17:00:00'),(881,11,1,'2022-09-09 08:00:00','2022-09-09 17:00:00'),(882,11,1,'2022-09-12 08:00:00','2022-09-12 17:00:00'),(883,11,1,'2022-09-13 08:00:00','2022-09-13 17:00:00'),(884,11,1,'2022-09-14 08:00:00','2022-09-14 17:00:00'),(885,11,1,'2022-09-15 08:00:00','2022-09-15 17:00:00'),(886,11,1,'2022-09-16 08:00:00','2022-09-16 17:00:00'),(887,11,1,'2022-09-19 08:00:00','2022-09-19 17:00:00'),(888,11,1,'2022-09-20 08:00:00','2022-09-20 17:00:00'),(889,11,1,'2022-09-21 08:00:00','2022-09-21 17:00:00'),(890,11,1,'2022-09-22 08:00:00','2022-09-22 17:00:00'),(891,11,1,'2022-09-23 08:00:00','2022-09-23 17:00:00'),(892,11,1,'2022-09-26 08:00:00','2022-09-26 17:00:00'),(893,11,1,'2022-09-27 08:00:00','2022-09-27 17:00:00'),(894,11,1,'2022-09-28 08:00:00','2022-09-28 17:00:00'),(895,11,1,'2022-09-29 08:00:00','2022-09-29 17:00:00'),(896,11,1,'2022-09-30 08:00:00','2022-09-30 17:00:00'),(897,11,1,'2022-10-03 08:00:00','2022-10-03 17:00:00'),(898,11,1,'2022-10-04 08:00:00','2022-10-04 17:00:00'),(899,11,1,'2022-10-05 08:00:00','2022-10-05 17:00:00'),(900,11,1,'2022-10-06 08:00:00','2022-10-06 17:00:00'),(901,11,1,'2022-10-07 08:00:00','2022-10-07 17:00:00'),(902,11,1,'2022-10-10 08:00:00','2022-10-10 17:00:00'),(903,11,1,'2022-10-11 08:00:00','2022-10-11 17:00:00'),(904,11,1,'2022-10-12 08:00:00','2022-10-12 17:00:00'),(905,11,1,'2022-10-13 08:00:00','2022-10-13 17:00:00'),(906,11,1,'2022-10-14 08:00:00','2022-10-14 17:00:00'),(907,11,1,'2022-10-17 08:00:00','2022-10-17 17:00:00'),(908,11,1,'2022-10-18 08:00:00','2022-10-18 17:00:00'),(909,11,1,'2022-10-19 08:00:00','2022-10-19 17:00:00'),(910,11,1,'2022-10-20 08:00:00','2022-10-20 17:00:00'),(911,11,1,'2022-10-21 08:00:00','2022-10-21 17:00:00'),(912,11,1,'2022-10-24 08:00:00','2022-10-24 17:00:00'),(913,11,1,'2022-10-25 08:00:00','2022-10-25 17:00:00'),(914,11,1,'2022-10-26 08:00:00','2022-10-26 17:00:00'),(915,11,1,'2022-10-27 08:00:00','2022-10-27 17:00:00'),(916,11,1,'2022-10-28 08:00:00','2022-10-28 17:00:00'),(917,11,1,'2022-10-31 08:00:00','2022-10-31 17:00:00'),(918,11,1,'2022-11-01 00:00:00','2022-11-01 00:00:00'),(919,11,1,'2022-11-02 08:00:00','2022-11-02 17:00:00'),(920,11,1,'2022-11-03 08:00:00','2022-11-03 17:00:00'),(921,11,1,'2022-11-04 08:00:00','2022-11-04 17:00:00'),(922,11,1,'2022-11-07 08:00:00','2022-11-07 17:00:00'),(923,11,1,'2022-11-08 08:00:00','2022-11-08 17:00:00'),(924,11,1,'2022-11-09 08:00:00','2022-11-09 17:00:00'),(925,11,1,'2022-11-10 08:00:00','2022-11-10 17:00:00'),(926,11,1,'2022-11-11 08:00:00','2022-11-11 17:00:00'),(927,11,1,'2022-11-14 08:00:00','2022-11-14 17:00:00'),(928,11,1,'2022-11-15 08:00:00','2022-11-15 17:00:00'),(929,11,1,'2022-11-16 08:00:00','2022-11-16 17:00:00'),(930,11,1,'2022-11-17 08:00:00','2022-11-17 17:00:00'),(931,11,1,'2022-11-18 08:00:00','2022-11-18 17:00:00'),(932,11,1,'2022-11-21 08:00:00','2022-11-21 17:00:00'),(933,11,1,'2022-11-22 08:00:00','2022-11-22 17:00:00'),(934,11,1,'2022-11-23 08:00:00','2022-11-23 17:00:00'),(935,11,1,'2022-11-24 08:00:00','2022-11-24 17:00:00'),(936,11,1,'2022-11-25 08:00:00','2022-11-25 17:00:00'),(937,11,1,'2022-11-28 08:00:00','2022-11-28 17:00:00'),(938,11,1,'2022-11-29 08:00:00','2022-11-29 17:00:00'),(939,11,1,'2022-11-30 00:00:00','2022-11-30 00:00:00'),(940,11,1,'2022-12-01 08:00:00','2022-12-01 17:00:00'),(941,11,1,'2022-12-02 08:00:00','2022-12-02 17:00:00'),(942,11,1,'2022-12-05 08:00:00','2022-12-05 17:00:00'),(943,11,1,'2022-12-06 08:00:00','2022-12-06 17:00:00'),(944,11,1,'2022-12-07 08:00:00','2022-12-07 17:00:00'),(945,11,1,'2022-12-08 00:00:00','2022-12-08 00:00:00'),(946,11,1,'2022-12-09 08:00:00','2022-12-09 17:00:00'),(947,11,1,'2022-12-12 08:00:00','2022-12-12 17:00:00'),(948,11,1,'2022-12-13 08:00:00','2022-12-13 17:00:00'),(949,11,1,'2022-12-14 08:00:00','2022-12-14 17:00:00'),(950,11,1,'2022-12-15 08:00:00','2022-12-15 17:00:00'),(951,11,1,'2022-12-16 08:00:00','2022-12-16 17:00:00'),(952,11,1,'2022-12-19 08:00:00','2022-12-19 17:00:00'),(953,11,1,'2022-12-20 08:00:00','2022-12-20 17:00:00'),(954,11,1,'2022-12-21 08:00:00','2022-12-21 17:00:00'),(955,11,1,'2022-12-22 08:00:00','2022-12-22 17:00:00'),(956,11,1,'2022-12-23 08:00:00','2022-12-23 17:00:00'),(957,11,1,'2022-12-26 08:00:00','2022-12-26 17:00:00'),(958,11,1,'2022-12-27 08:00:00','2022-12-27 17:00:00'),(959,11,1,'2022-12-28 08:00:00','2022-12-28 17:00:00'),(960,11,1,'2022-12-29 08:00:00','2022-12-29 17:00:00'),(961,11,1,'2022-12-30 00:00:00','2022-12-30 00:00:00'),(962,12,1,'2022-09-01 08:00:00','2022-09-01 17:00:00'),(963,12,1,'2022-09-02 08:00:00','2022-09-02 17:00:00'),(964,12,1,'2022-09-05 08:00:00','2022-09-05 17:00:00'),(965,12,1,'2022-09-06 08:00:00','2022-09-06 17:00:00'),(966,12,1,'2022-09-07 08:00:00','2022-09-07 17:00:00'),(967,12,1,'2022-09-08 08:00:00','2022-09-08 17:00:00'),(968,12,1,'2022-09-09 08:00:00','2022-09-09 17:00:00'),(969,12,1,'2022-09-12 08:00:00','2022-09-12 17:00:00'),(970,12,1,'2022-09-13 08:00:00','2022-09-13 17:00:00'),(971,12,1,'2022-09-14 08:00:00','2022-09-14 17:00:00'),(972,12,1,'2022-09-15 08:00:00','2022-09-15 17:00:00'),(973,12,1,'2022-09-16 08:00:00','2022-09-16 17:00:00'),(974,12,1,'2022-09-19 08:00:00','2022-09-19 17:00:00'),(975,12,1,'2022-09-20 08:00:00','2022-09-20 17:00:00'),(976,12,1,'2022-09-21 08:00:00','2022-09-21 17:00:00'),(977,12,1,'2022-09-22 08:00:00','2022-09-22 17:00:00'),(978,12,1,'2022-09-23 08:00:00','2022-09-23 17:00:00'),(979,12,1,'2022-09-26 08:00:00','2022-09-26 17:00:00'),(980,12,1,'2022-09-27 08:00:00','2022-09-27 17:00:00'),(981,12,1,'2022-09-28 08:00:00','2022-09-28 17:00:00'),(982,12,1,'2022-09-29 08:00:00','2022-09-29 17:00:00'),(983,12,1,'2022-09-30 08:00:00','2022-09-30 17:00:00'),(984,12,1,'2022-10-03 08:00:00','2022-10-03 17:00:00'),(985,12,1,'2022-10-04 08:00:00','2022-10-04 17:00:00'),(986,12,1,'2022-10-05 08:00:00','2022-10-05 17:00:00'),(987,12,1,'2022-10-06 08:00:00','2022-10-06 17:00:00'),(988,12,1,'2022-10-07 08:00:00','2022-10-07 17:00:00'),(989,12,1,'2022-10-10 08:00:00','2022-10-10 17:00:00'),(990,12,1,'2022-10-11 08:00:00','2022-10-11 17:00:00'),(991,12,1,'2022-10-12 08:00:00','2022-10-12 17:00:00'),(992,12,1,'2022-10-13 08:00:00','2022-10-13 17:00:00'),(993,12,1,'2022-10-14 08:00:00','2022-10-14 17:00:00'),(994,12,1,'2022-10-17 08:00:00','2022-10-17 17:00:00'),(995,12,1,'2022-10-18 08:00:00','2022-10-18 17:00:00'),(996,12,1,'2022-10-19 08:00:00','2022-10-19 17:00:00'),(997,12,1,'2022-10-20 08:00:00','2022-10-20 17:00:00'),(998,12,1,'2022-10-21 08:00:00','2022-10-21 17:00:00'),(999,12,1,'2022-10-24 08:00:00','2022-10-24 17:00:00'),(1000,12,1,'2022-10-25 08:00:00','2022-10-25 17:00:00'),(1001,12,1,'2022-10-26 08:00:00','2022-10-26 17:00:00'),(1002,12,1,'2022-10-27 08:00:00','2022-10-27 17:00:00'),(1003,12,1,'2022-10-28 08:00:00','2022-10-28 17:00:00'),(1004,12,1,'2022-10-31 08:00:00','2022-10-31 17:00:00'),(1005,12,1,'2022-11-01 00:00:00','2022-11-01 00:00:00'),(1006,12,1,'2022-11-02 08:00:00','2022-11-02 17:00:00'),(1007,12,1,'2022-11-03 08:00:00','2022-11-03 17:00:00'),(1008,12,1,'2022-11-04 08:00:00','2022-11-04 17:00:00'),(1009,12,1,'2022-11-07 08:00:00','2022-11-07 17:00:00'),(1010,12,1,'2022-11-08 08:00:00','2022-11-08 17:00:00'),(1011,12,1,'2022-11-09 08:00:00','2022-11-09 17:00:00'),(1012,12,1,'2022-11-10 08:00:00','2022-11-10 17:00:00'),(1013,12,1,'2022-11-11 08:00:00','2022-11-11 17:00:00'),(1014,12,1,'2022-11-14 08:00:00','2022-11-14 17:00:00'),(1015,12,1,'2022-11-15 08:00:00','2022-11-15 17:00:00'),(1016,12,1,'2022-11-16 08:00:00','2022-11-16 17:00:00'),(1017,12,1,'2022-11-17 08:00:00','2022-11-17 17:00:00'),(1018,12,1,'2022-11-18 08:00:00','2022-11-18 17:00:00'),(1019,12,1,'2022-11-21 08:00:00','2022-11-21 17:00:00'),(1020,12,1,'2022-11-22 08:00:00','2022-11-22 17:00:00'),(1021,12,1,'2022-11-23 08:00:00','2022-11-23 17:00:00'),(1022,12,1,'2022-11-24 08:00:00','2022-11-24 17:00:00'),(1023,12,1,'2022-11-25 08:00:00','2022-11-25 17:00:00'),(1024,12,1,'2022-11-28 08:00:00','2022-11-28 17:00:00'),(1025,12,1,'2022-11-29 08:00:00','2022-11-29 17:00:00'),(1026,12,1,'2022-11-30 00:00:00','2022-11-30 00:00:00'),(1027,12,1,'2022-12-01 08:00:00','2022-12-01 17:00:00'),(1028,12,1,'2022-12-02 08:00:00','2022-12-02 17:00:00'),(1029,12,1,'2022-12-05 08:00:00','2022-12-05 17:00:00'),(1030,12,1,'2022-12-06 08:00:00','2022-12-06 17:00:00'),(1031,12,1,'2022-12-07 08:00:00','2022-12-07 17:00:00'),(1032,12,1,'2022-12-08 00:00:00','2022-12-08 00:00:00'),(1033,12,1,'2022-12-09 08:00:00','2022-12-09 17:00:00'),(1034,12,1,'2022-12-12 08:00:00','2022-12-12 17:00:00'),(1035,12,1,'2022-12-13 08:00:00','2022-12-13 17:00:00'),(1036,12,1,'2022-12-14 08:00:00','2022-12-14 17:00:00'),(1037,12,1,'2022-12-15 00:00:00','2022-12-15 00:00:00'),(1038,12,1,'2022-12-16 00:00:00','2022-12-16 00:00:00'),(1039,12,1,'2022-12-19 00:00:00','2022-12-19 00:00:00'),(1040,12,1,'2022-12-20 00:00:00','2022-12-20 00:00:00'),(1041,12,1,'2022-12-21 00:00:00','2022-12-21 00:00:00'),(1042,12,1,'2022-12-22 00:00:00','2022-12-22 00:00:00'),(1043,12,1,'2022-12-23 00:00:00','2022-12-23 00:00:00'),(1044,12,1,'2022-12-26 00:00:00','2022-12-26 00:00:00'),(1045,12,1,'2022-12-27 00:00:00','2022-12-27 00:00:00'),(1046,12,1,'2022-12-28 00:00:00','2022-12-28 00:00:00'),(1047,12,1,'2022-12-29 00:00:00','2022-12-29 00:00:00'),(1048,12,1,'2022-12-30 00:00:00','2022-12-30 00:00:00'),(1049,13,1,'2022-09-01 08:00:00','2022-09-01 17:00:00'),(1050,13,1,'2022-09-02 08:00:00','2022-09-02 17:00:00'),(1051,13,1,'2022-09-05 08:00:00','2022-09-05 17:00:00'),(1052,13,1,'2022-09-06 11:30:00','2022-09-06 17:00:00'),(1053,13,1,'2022-09-07 08:00:00','2022-09-07 17:00:00'),(1054,13,1,'2022-09-08 08:00:00','2022-09-08 17:00:00'),(1055,13,1,'2022-09-09 08:00:00','2022-09-09 17:00:00'),(1056,13,1,'2022-09-12 08:00:00','2022-09-12 17:00:00'),(1057,13,1,'2022-09-13 08:00:00','2022-09-13 17:00:00'),(1058,13,1,'2022-09-14 08:00:00','2022-09-14 17:00:00'),(1059,13,1,'2022-09-15 11:30:00','2022-09-15 17:00:00'),(1060,13,1,'2022-09-16 08:00:00','2022-09-16 17:00:00'),(1061,13,1,'2022-09-19 08:00:00','2022-09-19 17:00:00'),(1062,13,1,'2022-09-20 08:00:00','2022-09-20 17:00:00'),(1063,13,1,'2022-09-21 08:00:00','2022-09-21 17:00:00'),(1064,13,1,'2022-09-22 08:00:00','2022-09-22 17:00:00'),(1065,13,1,'2022-09-23 08:00:00','2022-09-23 17:00:00'),(1066,13,1,'2022-09-26 11:30:00','2022-09-26 17:00:00'),(1067,13,1,'2022-09-27 08:00:00','2022-09-27 17:00:00'),(1068,13,1,'2022-09-28 08:00:00','2022-09-28 17:00:00'),(1069,13,1,'2022-09-29 08:00:00','2022-09-29 17:00:00'),(1070,13,1,'2022-09-30 08:00:00','2022-09-30 17:00:00'),(1071,13,1,'2022-10-03 08:00:00','2022-10-03 17:00:00'),(1072,13,1,'2022-10-04 08:00:00','2022-10-04 17:00:00'),(1073,13,1,'2022-10-05 11:30:00','2022-10-05 17:00:00'),(1074,13,1,'2022-10-06 08:00:00','2022-10-06 17:00:00'),(1075,13,1,'2022-10-07 08:00:00','2022-10-07 17:00:00'),(1076,13,1,'2022-10-10 08:00:00','2022-10-10 17:00:00'),(1077,13,1,'2022-10-11 08:00:00','2022-10-11 17:00:00'),(1078,13,1,'2022-10-12 08:00:00','2022-10-12 17:00:00'),(1079,13,1,'2022-10-13 08:00:00','2022-10-13 17:00:00'),(1080,13,1,'2022-10-14 11:30:00','2022-10-14 17:00:00'),(1081,13,1,'2022-10-17 08:00:00','2022-10-17 17:00:00'),(1082,13,1,'2022-10-18 08:00:00','2022-10-18 17:00:00'),(1083,13,1,'2022-10-19 08:00:00','2022-10-19 17:00:00'),(1084,13,1,'2022-10-20 08:00:00','2022-10-20 17:00:00'),(1085,13,1,'2022-10-21 08:00:00','2022-10-21 17:00:00'),(1086,13,1,'2022-10-24 08:00:00','2022-10-24 17:00:00'),(1087,13,1,'2022-10-25 11:30:00','2022-10-25 17:00:00'),(1088,13,1,'2022-10-26 08:00:00','2022-10-26 17:00:00'),(1089,13,1,'2022-10-27 08:00:00','2022-10-27 17:00:00'),(1090,13,1,'2022-10-28 08:00:00','2022-10-28 17:00:00'),(1091,13,1,'2022-10-31 08:00:00','2022-10-31 17:00:00'),(1092,13,1,'2022-11-01 00:00:00','2022-11-01 00:00:00'),(1093,13,1,'2022-11-02 08:00:00','2022-11-02 17:00:00'),(1094,13,1,'2022-11-03 11:30:00','2022-11-03 17:00:00'),(1095,13,1,'2022-11-04 08:00:00','2022-11-04 17:00:00'),(1096,13,1,'2022-11-07 08:00:00','2022-11-07 17:00:00'),(1097,13,1,'2022-11-08 08:00:00','2022-11-08 17:00:00'),(1098,13,1,'2022-11-09 08:00:00','2022-11-09 17:00:00'),(1099,13,1,'2022-11-10 08:00:00','2022-11-10 17:00:00'),(1100,13,1,'2022-11-11 08:00:00','2022-11-11 17:00:00'),(1101,13,1,'2022-11-14 11:30:00','2022-11-14 17:00:00'),(1102,13,1,'2022-11-15 08:00:00','2022-11-15 17:00:00'),(1103,13,1,'2022-11-16 08:00:00','2022-11-16 17:00:00'),(1104,13,1,'2022-11-17 08:00:00','2022-11-17 17:00:00'),(1105,13,1,'2022-11-18 08:00:00','2022-11-18 17:00:00'),(1106,13,1,'2022-11-21 08:00:00','2022-11-21 17:00:00'),(1107,13,1,'2022-11-22 08:00:00','2022-11-22 17:00:00'),(1108,13,1,'2022-11-23 11:30:00','2022-11-23 17:00:00'),(1109,13,1,'2022-11-24 08:00:00','2022-11-24 17:00:00'),(1110,13,1,'2022-11-25 08:00:00','2022-11-25 17:00:00'),(1111,13,1,'2022-11-28 08:00:00','2022-11-28 17:00:00'),(1112,13,1,'2022-11-29 08:00:00','2022-11-29 17:00:00'),(1113,13,1,'2022-11-30 00:00:00','2022-11-30 00:00:00'),(1114,13,1,'2022-12-01 08:00:00','2022-12-01 17:00:00'),(1115,13,1,'2022-12-02 11:30:00','2022-12-02 17:00:00'),(1116,13,1,'2022-12-05 08:00:00','2022-12-05 17:00:00'),(1117,13,1,'2022-12-06 08:00:00','2022-12-06 17:00:00'),(1118,13,1,'2022-12-07 08:00:00','2022-12-07 17:00:00'),(1119,13,1,'2022-12-08 00:00:00','2022-12-08 00:00:00'),(1120,13,1,'2022-12-09 08:00:00','2022-12-09 17:00:00'),(1121,13,1,'2022-12-12 08:00:00','2022-12-12 17:00:00'),(1122,13,1,'2022-12-13 11:30:00','2022-12-13 17:00:00'),(1123,13,1,'2022-12-14 08:00:00','2022-12-14 17:00:00'),(1124,13,1,'2022-12-15 00:00:00','2022-12-15 00:00:00'),(1125,13,1,'2022-12-16 00:00:00','2022-12-16 00:00:00'),(1126,13,1,'2022-12-19 00:00:00','2022-12-19 00:00:00'),(1127,13,1,'2022-12-20 00:00:00','2022-12-20 00:00:00'),(1128,13,1,'2022-12-21 00:00:00','2022-12-21 00:00:00'),(1129,13,1,'2022-12-22 00:00:00','2022-12-22 00:00:00'),(1130,13,1,'2022-12-23 00:00:00','2022-12-23 00:00:00'),(1131,13,1,'2022-12-26 00:00:00','2022-12-26 00:00:00'),(1132,13,1,'2022-12-27 00:00:00','2022-12-27 00:00:00'),(1133,13,1,'2022-12-28 00:00:00','2022-12-28 00:00:00'),(1134,13,1,'2022-12-29 00:00:00','2022-12-29 00:00:00'),(1135,13,1,'2022-12-30 00:00:00','2022-12-30 00:00:00'),(1136,14,1,'2022-09-01 08:00:00','2022-09-01 17:00:00'),(1137,14,1,'2022-09-02 08:00:00','2022-09-02 17:00:00'),(1138,14,1,'2022-09-05 08:00:00','2022-09-05 17:00:00'),(1139,14,1,'2022-09-06 08:00:00','2022-09-06 17:00:00'),(1140,14,1,'2022-09-07 08:00:00','2022-09-07 17:00:00'),(1141,14,1,'2022-09-08 08:00:00','2022-09-08 17:00:00'),(1142,14,1,'2022-09-09 08:00:00','2022-09-09 17:00:00'),(1143,14,1,'2022-09-12 08:00:00','2022-09-12 17:00:00'),(1144,14,1,'2022-09-13 08:00:00','2022-09-13 17:00:00'),(1145,14,1,'2022-09-14 08:00:00','2022-09-14 17:00:00'),(1146,14,1,'2022-09-15 08:00:00','2022-09-15 17:00:00'),(1147,14,1,'2022-09-16 08:00:00','2022-09-16 17:00:00'),(1148,14,1,'2022-09-19 08:00:00','2022-09-19 17:00:00'),(1149,14,1,'2022-09-20 08:00:00','2022-09-20 17:00:00'),(1150,14,1,'2022-09-21 08:00:00','2022-09-21 17:00:00'),(1151,14,1,'2022-09-22 08:00:00','2022-09-22 17:00:00'),(1152,14,1,'2022-09-23 08:00:00','2022-09-23 17:00:00'),(1153,14,1,'2022-09-26 08:00:00','2022-09-26 17:00:00'),(1154,14,1,'2022-09-27 08:00:00','2022-09-27 17:00:00'),(1155,14,1,'2022-09-28 08:00:00','2022-09-28 17:00:00'),(1156,14,1,'2022-09-29 08:00:00','2022-09-29 17:00:00'),(1157,14,1,'2022-09-30 08:00:00','2022-09-30 17:00:00'),(1158,14,1,'2022-10-03 08:00:00','2022-10-03 17:00:00'),(1159,14,1,'2022-10-04 08:00:00','2022-10-04 17:00:00'),(1160,14,1,'2022-10-05 08:00:00','2022-10-05 17:00:00'),(1161,14,1,'2022-10-06 08:00:00','2022-10-06 17:00:00'),(1162,14,1,'2022-10-07 08:00:00','2022-10-07 17:00:00'),(1163,14,1,'2022-10-10 08:00:00','2022-10-10 17:00:00'),(1164,14,1,'2022-10-11 08:00:00','2022-10-11 17:00:00'),(1165,14,1,'2022-10-12 08:00:00','2022-10-12 17:00:00'),(1166,14,1,'2022-10-13 08:00:00','2022-10-13 17:00:00'),(1167,14,1,'2022-10-14 08:00:00','2022-10-14 17:00:00'),(1168,14,1,'2022-10-17 08:00:00','2022-10-17 17:00:00'),(1169,14,1,'2022-10-18 08:00:00','2022-10-18 17:00:00'),(1170,14,1,'2022-10-19 08:00:00','2022-10-19 17:00:00'),(1171,14,1,'2022-10-20 08:00:00','2022-10-20 17:00:00'),(1172,14,1,'2022-10-21 08:00:00','2022-10-21 17:00:00'),(1173,14,1,'2022-10-24 08:00:00','2022-10-24 17:00:00'),(1174,14,1,'2022-10-25 08:00:00','2022-10-25 17:00:00'),(1175,14,1,'2022-10-26 08:00:00','2022-10-26 17:00:00'),(1176,14,1,'2022-10-27 08:00:00','2022-10-27 17:00:00'),(1177,14,1,'2022-10-28 08:00:00','2022-10-28 17:00:00'),(1178,14,1,'2022-10-31 08:00:00','2022-10-31 17:00:00'),(1179,14,1,'2022-11-01 00:00:00','2022-11-01 00:00:00'),(1180,14,1,'2022-11-02 08:00:00','2022-11-02 17:00:00'),(1181,14,1,'2022-11-03 08:00:00','2022-11-03 17:00:00'),(1182,14,1,'2022-11-04 08:00:00','2022-11-04 17:00:00'),(1183,14,1,'2022-11-07 08:00:00','2022-11-07 17:00:00'),(1184,14,1,'2022-11-08 08:00:00','2022-11-08 17:00:00'),(1185,14,1,'2022-11-09 08:00:00','2022-11-09 17:00:00'),(1186,14,1,'2022-11-10 08:00:00','2022-11-10 17:00:00'),(1187,14,1,'2022-11-11 08:00:00','2022-11-11 17:00:00'),(1188,14,1,'2022-11-14 08:00:00','2022-11-14 17:00:00'),(1189,14,1,'2022-11-15 08:00:00','2022-11-15 17:00:00'),(1190,14,1,'2022-11-16 08:00:00','2022-11-16 17:00:00'),(1191,14,1,'2022-11-17 08:00:00','2022-11-17 17:00:00'),(1192,14,1,'2022-11-18 08:00:00','2022-11-18 17:00:00'),(1193,14,1,'2022-11-21 08:00:00','2022-11-21 17:00:00'),(1194,14,1,'2022-11-22 08:00:00','2022-11-22 17:00:00'),(1195,14,1,'2022-11-23 08:00:00','2022-11-23 17:00:00'),(1196,14,1,'2022-11-24 08:00:00','2022-11-24 17:00:00'),(1197,14,1,'2022-11-25 08:00:00','2022-11-25 17:00:00'),(1198,14,1,'2022-11-28 08:00:00','2022-11-28 17:00:00'),(1199,14,1,'2022-11-29 08:00:00','2022-11-29 17:00:00'),(1200,14,1,'2022-11-30 00:00:00','2022-11-30 00:00:00'),(1201,14,1,'2022-12-01 08:00:00','2022-12-01 17:00:00'),(1202,14,1,'2022-12-02 08:00:00','2022-12-02 17:00:00'),(1203,14,1,'2022-12-05 08:00:00','2022-12-05 17:00:00'),(1204,14,1,'2022-12-06 08:00:00','2022-12-06 17:00:00'),(1205,14,1,'2022-12-07 08:00:00','2022-12-07 17:00:00'),(1206,14,1,'2022-12-08 00:00:00','2022-12-08 00:00:00'),(1207,14,1,'2022-12-09 08:00:00','2022-12-09 17:00:00'),(1208,14,1,'2022-12-12 08:00:00','2022-12-12 17:00:00'),(1209,14,1,'2022-12-13 08:00:00','2022-12-13 17:00:00'),(1210,14,1,'2022-12-14 08:00:00','2022-12-14 17:00:00'),(1211,14,1,'2022-12-15 00:00:00','2022-12-15 00:00:00'),(1212,14,1,'2022-12-16 00:00:00','2022-12-16 00:00:00'),(1213,14,1,'2022-12-19 00:00:00','2022-12-19 00:00:00'),(1214,14,1,'2022-12-20 00:00:00','2022-12-20 00:00:00'),(1215,14,1,'2022-12-21 00:00:00','2022-12-21 00:00:00'),(1216,14,1,'2022-12-22 00:00:00','2022-12-22 00:00:00'),(1217,14,1,'2022-12-23 00:00:00','2022-12-23 00:00:00'),(1218,14,1,'2022-12-26 00:00:00','2022-12-26 00:00:00'),(1219,14,1,'2022-12-27 00:00:00','2022-12-27 00:00:00'),(1220,14,1,'2022-12-28 00:00:00','2022-12-28 00:00:00'),(1221,14,1,'2022-12-29 00:00:00','2022-12-29 00:00:00'),(1222,14,1,'2022-12-30 00:00:00','2022-12-30 00:00:00'),(1223,15,1,'2022-09-01 08:00:00','2022-09-01 17:00:00'),(1224,15,1,'2022-09-02 08:00:00','2022-09-02 17:00:00'),(1225,15,1,'2022-09-05 08:15:00','2022-09-05 17:00:00'),(1226,15,1,'2022-09-06 08:00:00','2022-09-06 17:00:00'),(1227,15,1,'2022-09-07 08:00:00','2022-09-07 17:00:00'),(1228,15,1,'2022-09-08 08:00:00','2022-09-08 17:00:00'),(1229,15,1,'2022-09-09 08:00:00','2022-09-09 17:00:00'),(1230,15,1,'2022-09-12 08:00:00','2022-09-12 17:00:00'),(1231,15,1,'2022-09-13 08:00:00','2022-09-13 17:00:00'),(1232,15,1,'2022-09-14 08:15:00','2022-09-14 17:00:00'),(1233,15,1,'2022-09-15 08:00:00','2022-09-15 17:00:00'),(1234,15,1,'2022-09-16 08:00:00','2022-09-16 17:00:00'),(1235,15,1,'2022-09-19 08:00:00','2022-09-19 17:00:00'),(1236,15,1,'2022-09-20 08:00:00','2022-09-20 17:00:00'),(1237,15,1,'2022-09-21 08:00:00','2022-09-21 17:00:00'),(1238,15,1,'2022-09-22 08:00:00','2022-09-22 17:00:00'),(1239,15,1,'2022-09-23 08:15:00','2022-09-23 17:00:00'),(1240,15,1,'2022-09-26 08:00:00','2022-09-26 17:00:00'),(1241,15,1,'2022-09-27 08:00:00','2022-09-27 17:00:00'),(1242,15,1,'2022-09-28 08:00:00','2022-09-28 17:00:00'),(1243,15,1,'2022-09-29 08:00:00','2022-09-29 17:00:00'),(1244,15,1,'2022-09-30 08:00:00','2022-09-30 17:00:00'),(1245,15,1,'2022-10-03 08:00:00','2022-10-03 17:00:00'),(1246,15,1,'2022-10-04 08:15:00','2022-10-04 17:00:00'),(1247,15,1,'2022-10-05 08:00:00','2022-10-05 17:00:00'),(1248,15,1,'2022-10-06 08:00:00','2022-10-06 17:00:00'),(1249,15,1,'2022-10-07 08:00:00','2022-10-07 17:00:00'),(1250,15,1,'2022-10-10 08:00:00','2022-10-10 17:00:00'),(1251,15,1,'2022-10-11 08:00:00','2022-10-11 17:00:00'),(1252,15,1,'2022-10-12 08:00:00','2022-10-12 17:00:00'),(1253,15,1,'2022-10-13 08:15:00','2022-10-13 17:00:00'),(1254,15,1,'2022-10-14 08:00:00','2022-10-14 17:00:00'),(1255,15,1,'2022-10-17 08:00:00','2022-10-17 17:00:00'),(1256,15,1,'2022-10-18 08:00:00','2022-10-18 17:00:00'),(1257,15,1,'2022-10-19 08:00:00','2022-10-19 17:00:00'),(1258,15,1,'2022-10-20 08:00:00','2022-10-20 17:00:00'),(1259,15,1,'2022-10-21 08:00:00','2022-10-21 17:00:00'),(1260,15,1,'2022-10-24 08:15:00','2022-10-24 17:00:00'),(1261,15,1,'2022-10-25 08:00:00','2022-10-25 17:00:00'),(1262,15,1,'2022-10-26 08:00:00','2022-10-26 17:00:00'),(1263,15,1,'2022-10-27 08:00:00','2022-10-27 17:00:00'),(1264,15,1,'2022-10-28 08:00:00','2022-10-28 17:00:00'),(1265,15,1,'2022-10-31 08:00:00','2022-10-31 17:00:00'),(1266,15,1,'2022-11-01 00:00:00','2022-11-01 00:00:00'),(1267,15,1,'2022-11-02 08:15:00','2022-11-02 17:00:00'),(1268,15,1,'2022-11-03 08:00:00','2022-11-03 17:00:00'),(1269,15,1,'2022-11-04 08:00:00','2022-11-04 17:00:00'),(1270,15,1,'2022-11-07 08:00:00','2022-11-07 17:00:00'),(1271,15,1,'2022-11-08 08:00:00','2022-11-08 17:00:00'),(1272,15,1,'2022-11-09 08:00:00','2022-11-09 17:00:00'),(1273,15,1,'2022-11-10 08:00:00','2022-11-10 17:00:00'),(1274,15,1,'2022-11-11 08:15:00','2022-11-11 17:00:00'),(1275,15,1,'2022-11-14 08:00:00','2022-11-14 17:00:00'),(1276,15,1,'2022-11-15 08:00:00','2022-11-15 17:00:00'),(1277,15,1,'2022-11-16 08:00:00','2022-11-16 17:00:00'),(1278,15,1,'2022-11-17 08:00:00','2022-11-17 17:00:00'),(1279,15,1,'2022-11-18 08:00:00','2022-11-18 17:00:00'),(1280,15,1,'2022-11-21 08:00:00','2022-11-21 17:00:00'),(1281,15,1,'2022-11-22 08:15:00','2022-11-22 17:00:00'),(1282,15,1,'2022-11-23 08:00:00','2022-11-23 17:00:00'),(1283,15,1,'2022-11-24 08:00:00','2022-11-24 17:00:00'),(1284,15,1,'2022-11-25 08:00:00','2022-11-25 17:00:00'),(1285,15,1,'2022-11-28 08:00:00','2022-11-28 17:00:00'),(1286,15,1,'2022-11-29 08:00:00','2022-11-29 17:00:00'),(1287,15,1,'2022-11-30 00:00:00','2022-11-30 00:00:00'),(1288,15,1,'2022-12-01 08:15:00','2022-12-01 17:00:00'),(1289,15,1,'2022-12-02 08:00:00','2022-12-02 17:00:00'),(1290,15,1,'2022-12-05 08:00:00','2022-12-05 17:00:00'),(1291,15,1,'2022-12-06 08:00:00','2022-12-06 17:00:00'),(1292,15,1,'2022-12-07 08:00:00','2022-12-07 17:00:00'),(1293,15,1,'2022-12-08 00:00:00','2022-12-08 00:00:00'),(1294,15,1,'2022-12-09 08:00:00','2022-12-09 17:00:00'),(1295,15,1,'2022-12-12 08:15:00','2022-12-12 17:00:00'),(1296,15,1,'2022-12-13 08:00:00','2022-12-13 17:00:00'),(1297,15,1,'2022-12-14 08:00:00','2022-12-14 17:00:00'),(1298,15,1,'2022-12-15 00:00:00','2022-12-15 00:00:00'),(1299,15,1,'2022-12-16 00:00:00','2022-12-16 00:00:00'),(1300,15,1,'2022-12-19 00:00:00','2022-12-19 00:00:00'),(1301,15,1,'2022-12-20 00:00:00','2022-12-20 00:00:00'),(1302,15,1,'2022-12-21 00:00:00','2022-12-21 00:00:00'),(1303,15,1,'2022-12-22 00:00:00','2022-12-22 00:00:00'),(1304,15,1,'2022-12-23 00:00:00','2022-12-23 00:00:00'),(1305,15,1,'2022-12-26 00:00:00','2022-12-26 00:00:00'),(1306,15,1,'2022-12-27 00:00:00','2022-12-27 00:00:00'),(1307,15,1,'2022-12-28 00:00:00','2022-12-28 00:00:00'),(1308,15,1,'2022-12-29 00:00:00','2022-12-29 00:00:00'),(1309,15,1,'2022-12-30 00:00:00','2022-12-30 00:00:00'),(1310,16,1,'2022-09-01 08:00:00','2022-09-01 17:00:00'),(1311,16,1,'2022-09-02 08:00:00','2022-09-02 17:00:00'),(1312,16,1,'2022-09-05 08:00:00','2022-09-05 17:00:00'),(1313,16,1,'2022-09-06 08:00:00','2022-09-06 17:00:00'),(1314,16,1,'2022-09-07 08:00:00','2022-09-07 17:00:00'),(1315,16,1,'2022-09-08 08:00:00','2022-09-08 17:00:00'),(1316,16,1,'2022-09-09 08:00:00','2022-09-09 17:00:00'),(1317,16,1,'2022-09-12 08:00:00','2022-09-12 17:00:00'),(1318,16,1,'2022-09-13 08:00:00','2022-09-13 17:00:00'),(1319,16,1,'2022-09-14 08:00:00','2022-09-14 17:00:00'),(1320,16,1,'2022-09-15 08:00:00','2022-09-15 17:00:00'),(1321,16,1,'2022-09-16 08:00:00','2022-09-16 17:00:00'),(1322,16,1,'2022-09-19 08:00:00','2022-09-19 17:00:00'),(1323,16,1,'2022-09-20 08:00:00','2022-09-20 17:00:00'),(1324,16,1,'2022-09-21 08:00:00','2022-09-21 17:00:00'),(1325,16,1,'2022-09-22 08:00:00','2022-09-22 17:00:00'),(1326,16,1,'2022-09-23 08:00:00','2022-09-23 17:00:00'),(1327,16,1,'2022-09-26 08:00:00','2022-09-26 17:00:00'),(1328,16,1,'2022-09-27 08:00:00','2022-09-27 17:00:00'),(1329,16,1,'2022-09-28 08:00:00','2022-09-28 17:00:00'),(1330,16,1,'2022-09-29 08:00:00','2022-09-29 17:00:00'),(1331,16,1,'2022-09-30 08:00:00','2022-09-30 17:00:00'),(1332,16,1,'2022-10-03 08:00:00','2022-10-03 17:00:00'),(1333,16,1,'2022-10-04 08:00:00','2022-10-04 17:00:00'),(1334,16,1,'2022-10-05 08:00:00','2022-10-05 17:00:00'),(1335,16,1,'2022-10-06 08:00:00','2022-10-06 17:00:00'),(1336,16,1,'2022-10-07 08:00:00','2022-10-07 17:00:00'),(1337,16,1,'2022-10-10 08:00:00','2022-10-10 17:00:00'),(1338,16,1,'2022-10-11 08:00:00','2022-10-11 17:00:00'),(1339,16,1,'2022-10-12 08:00:00','2022-10-12 17:00:00'),(1340,16,1,'2022-10-13 08:00:00','2022-10-13 17:00:00'),(1341,16,1,'2022-10-14 08:00:00','2022-10-14 17:00:00'),(1342,16,1,'2022-10-17 08:00:00','2022-10-17 17:00:00'),(1343,16,1,'2022-10-18 08:00:00','2022-10-18 17:00:00'),(1344,16,1,'2022-10-19 08:00:00','2022-10-19 17:00:00'),(1345,16,1,'2022-10-20 08:00:00','2022-10-20 17:00:00'),(1346,16,1,'2022-10-21 08:00:00','2022-10-21 17:00:00'),(1347,16,1,'2022-10-24 08:00:00','2022-10-24 17:00:00'),(1348,16,1,'2022-10-25 08:00:00','2022-10-25 17:00:00'),(1349,16,1,'2022-10-26 08:00:00','2022-10-26 17:00:00'),(1350,16,1,'2022-10-27 08:00:00','2022-10-27 17:00:00'),(1351,16,1,'2022-10-28 08:00:00','2022-10-28 17:00:00'),(1352,16,1,'2022-10-31 08:00:00','2022-10-31 17:00:00'),(1353,16,1,'2022-11-01 00:00:00','2022-11-01 00:00:00'),(1354,16,1,'2022-11-02 08:00:00','2022-11-02 17:00:00'),(1355,16,1,'2022-11-03 08:00:00','2022-11-03 17:00:00'),(1356,16,1,'2022-11-04 08:00:00','2022-11-04 17:00:00'),(1357,16,1,'2022-11-07 08:00:00','2022-11-07 17:00:00'),(1358,16,1,'2022-11-08 08:00:00','2022-11-08 17:00:00'),(1359,16,1,'2022-11-09 08:00:00','2022-11-09 17:00:00'),(1360,16,1,'2022-11-10 08:00:00','2022-11-10 17:00:00'),(1361,16,1,'2022-11-11 08:00:00','2022-11-11 17:00:00'),(1362,16,1,'2022-11-14 08:00:00','2022-11-14 17:00:00'),(1363,16,1,'2022-11-15 08:00:00','2022-11-15 17:00:00'),(1364,16,1,'2022-11-16 08:00:00','2022-11-16 17:00:00'),(1365,16,1,'2022-11-17 08:00:00','2022-11-17 17:00:00'),(1366,16,1,'2022-11-18 08:00:00','2022-11-18 17:00:00'),(1367,16,1,'2022-11-21 08:00:00','2022-11-21 17:00:00'),(1368,16,1,'2022-11-22 08:00:00','2022-11-22 17:00:00'),(1369,16,1,'2022-11-23 08:00:00','2022-11-23 17:00:00'),(1370,16,1,'2022-11-24 08:00:00','2022-11-24 17:00:00'),(1371,16,1,'2022-11-25 08:00:00','2022-11-25 17:00:00'),(1372,16,1,'2022-11-28 08:00:00','2022-11-28 17:00:00'),(1373,16,1,'2022-11-29 08:00:00','2022-11-29 17:00:00'),(1374,16,1,'2022-11-30 00:00:00','2022-11-30 00:00:00'),(1375,16,1,'2022-12-01 08:00:00','2022-12-01 17:00:00'),(1376,16,1,'2022-12-02 08:00:00','2022-12-02 17:00:00'),(1377,16,1,'2022-12-05 08:00:00','2022-12-05 17:00:00'),(1378,16,1,'2022-12-06 08:00:00','2022-12-06 17:00:00'),(1379,16,1,'2022-12-07 08:00:00','2022-12-07 17:00:00'),(1380,16,1,'2022-12-08 00:00:00','2022-12-08 00:00:00'),(1381,16,1,'2022-12-09 08:00:00','2022-12-09 17:00:00'),(1382,16,1,'2022-12-12 08:00:00','2022-12-12 17:00:00'),(1383,16,1,'2022-12-13 08:00:00','2022-12-13 17:00:00'),(1384,16,1,'2022-12-14 08:00:00','2022-12-14 17:00:00'),(1385,16,1,'2022-12-15 00:00:00','2022-12-15 00:00:00'),(1386,16,1,'2022-12-16 00:00:00','2022-12-16 00:00:00'),(1387,16,1,'2022-12-19 00:00:00','2022-12-19 00:00:00'),(1388,16,1,'2022-12-20 00:00:00','2022-12-20 00:00:00'),(1389,16,1,'2022-12-21 00:00:00','2022-12-21 00:00:00'),(1390,16,1,'2022-12-22 00:00:00','2022-12-22 00:00:00'),(1391,16,1,'2022-12-23 00:00:00','2022-12-23 00:00:00'),(1392,16,1,'2022-12-26 00:00:00','2022-12-26 00:00:00'),(1393,16,1,'2022-12-27 00:00:00','2022-12-27 00:00:00'),(1394,16,1,'2022-12-28 00:00:00','2022-12-28 00:00:00'),(1395,16,1,'2022-12-29 00:00:00','2022-12-29 00:00:00'),(1396,16,1,'2022-12-30 00:00:00','2022-12-30 00:00:00'),(1397,17,1,'2022-09-01 08:27:00','2022-09-01 17:00:00'),(1398,17,1,'2022-09-02 08:00:00','2022-09-02 17:00:00'),(1399,17,1,'2022-09-05 08:00:00','2022-09-05 17:00:00'),(1400,17,1,'2022-09-06 08:00:00','2022-09-06 17:00:00'),(1401,17,1,'2022-09-07 08:00:00','2022-09-07 17:00:00'),(1402,17,1,'2022-09-08 08:00:00','2022-09-08 17:00:00'),(1403,17,1,'2022-09-09 08:00:00','2022-09-09 17:00:00'),(1404,17,1,'2022-09-12 08:27:00','2022-09-12 17:00:00'),(1405,17,1,'2022-09-13 08:00:00','2022-09-13 17:00:00'),(1406,17,1,'2022-09-14 08:00:00','2022-09-14 17:00:00'),(1407,17,1,'2022-09-15 08:00:00','2022-09-15 17:00:00'),(1408,17,1,'2022-09-16 08:00:00','2022-09-16 17:00:00'),(1409,17,1,'2022-09-19 08:00:00','2022-09-19 17:00:00'),(1410,17,1,'2022-09-20 08:00:00','2022-09-20 17:00:00'),(1411,17,1,'2022-09-21 08:27:00','2022-09-21 17:00:00'),(1412,17,1,'2022-09-22 08:00:00','2022-09-22 17:00:00'),(1413,17,1,'2022-09-23 08:00:00','2022-09-23 17:00:00'),(1414,17,1,'2022-09-26 08:00:00','2022-09-26 17:00:00'),(1415,17,1,'2022-09-27 08:00:00','2022-09-27 17:00:00'),(1416,17,1,'2022-09-28 08:00:00','2022-09-28 17:00:00'),(1417,17,1,'2022-09-29 08:00:00','2022-09-29 17:00:00'),(1418,17,1,'2022-09-30 08:27:00','2022-09-30 17:00:00'),(1419,17,1,'2022-10-03 08:00:00','2022-10-03 17:00:00'),(1420,17,1,'2022-10-04 08:00:00','2022-10-04 17:00:00'),(1421,17,1,'2022-10-05 08:00:00','2022-10-05 17:00:00'),(1422,17,1,'2022-10-06 08:00:00','2022-10-06 17:00:00'),(1423,17,1,'2022-10-07 08:00:00','2022-10-07 17:00:00'),(1424,17,1,'2022-10-10 08:00:00','2022-10-10 17:00:00'),(1425,17,1,'2022-10-11 08:27:00','2022-10-11 17:00:00'),(1426,17,1,'2022-10-12 08:00:00','2022-10-12 17:00:00'),(1427,17,1,'2022-10-13 08:00:00','2022-10-13 17:00:00'),(1428,17,1,'2022-10-14 08:00:00','2022-10-14 17:00:00'),(1429,17,1,'2022-10-17 08:00:00','2022-10-17 17:00:00'),(1430,17,1,'2022-10-18 08:00:00','2022-10-18 17:00:00'),(1431,17,1,'2022-10-19 08:00:00','2022-10-19 17:00:00'),(1432,17,1,'2022-10-20 08:27:00','2022-10-20 17:00:00'),(1433,17,1,'2022-10-21 08:00:00','2022-10-21 17:00:00'),(1434,17,1,'2022-10-24 08:00:00','2022-10-24 17:00:00'),(1435,17,1,'2022-10-25 08:00:00','2022-10-25 17:00:00'),(1436,17,1,'2022-10-26 08:00:00','2022-10-26 17:00:00'),(1437,17,1,'2022-10-27 08:00:00','2022-10-27 17:00:00'),(1438,17,1,'2022-10-28 08:00:00','2022-10-28 17:00:00'),(1439,17,1,'2022-10-31 08:27:00','2022-10-31 17:00:00'),(1440,17,1,'2022-11-01 00:00:00','2022-11-01 00:00:00'),(1441,17,1,'2022-11-02 08:00:00','2022-11-02 17:00:00'),(1442,17,1,'2022-11-03 08:00:00','2022-11-03 17:00:00'),(1443,17,1,'2022-11-04 08:00:00','2022-11-04 17:00:00'),(1444,17,1,'2022-11-07 08:00:00','2022-11-07 17:00:00'),(1445,17,1,'2022-11-08 08:00:00','2022-11-08 17:00:00'),(1446,17,1,'2022-11-09 08:27:00','2022-11-09 17:00:00'),(1447,17,1,'2022-11-10 08:00:00','2022-11-10 17:00:00'),(1448,17,1,'2022-11-11 08:00:00','2022-11-11 17:00:00'),(1449,17,1,'2022-11-14 08:00:00','2022-11-14 17:00:00'),(1450,17,1,'2022-11-15 08:00:00','2022-11-15 17:00:00'),(1451,17,1,'2022-11-16 08:00:00','2022-11-16 17:00:00'),(1452,17,1,'2022-11-17 08:00:00','2022-11-17 17:00:00'),(1453,17,1,'2022-11-18 08:27:00','2022-11-18 17:00:00'),(1454,17,1,'2022-11-21 08:00:00','2022-11-21 17:00:00'),(1455,17,1,'2022-11-22 08:00:00','2022-11-22 17:00:00'),(1456,17,1,'2022-11-23 08:00:00','2022-11-23 17:00:00'),(1457,17,1,'2022-11-24 08:00:00','2022-11-24 17:00:00'),(1458,17,1,'2022-11-25 08:00:00','2022-11-25 17:00:00'),(1459,17,1,'2022-11-28 08:00:00','2022-11-28 17:00:00'),(1460,17,1,'2022-11-29 08:27:00','2022-11-29 17:00:00'),(1461,17,1,'2022-11-30 00:00:00','2022-11-30 00:00:00'),(1462,17,1,'2022-12-01 08:00:00','2022-12-01 17:00:00'),(1463,17,1,'2022-12-02 08:00:00','2022-12-02 17:00:00'),(1464,17,1,'2022-12-05 08:00:00','2022-12-05 17:00:00'),(1465,17,1,'2022-12-06 08:00:00','2022-12-06 17:00:00'),(1466,17,1,'2022-12-07 08:00:00','2022-12-07 17:00:00'),(1467,17,1,'2022-12-08 00:00:00','2022-12-08 00:00:00'),(1468,17,1,'2022-12-09 08:00:00','2022-12-09 17:00:00'),(1469,17,1,'2022-12-12 08:00:00','2022-12-12 17:00:00'),(1470,17,1,'2022-12-13 08:00:00','2022-12-13 17:00:00'),(1471,17,1,'2022-12-14 08:00:00','2022-12-14 17:00:00'),(1472,17,1,'2022-12-15 08:00:00','2022-12-15 17:00:00'),(1473,17,1,'2022-12-16 08:00:00','2022-12-16 17:00:00'),(1474,17,1,'2022-12-19 08:27:00','2022-12-19 17:00:00'),(1475,17,1,'2022-12-20 08:00:00','2022-12-20 17:00:00'),(1476,17,1,'2022-12-21 08:00:00','2022-12-21 17:00:00'),(1477,17,1,'2022-12-22 08:00:00','2022-12-22 17:00:00'),(1478,17,1,'2022-12-23 08:00:00','2022-12-23 17:00:00'),(1479,17,1,'2022-12-26 08:00:00','2022-12-26 17:00:00'),(1480,17,1,'2022-12-27 08:00:00','2022-12-27 17:00:00'),(1481,17,1,'2022-12-28 08:27:00','2022-12-28 17:00:00'),(1482,17,1,'2022-12-29 08:00:00','2022-12-29 17:00:00'),(1483,17,1,'2022-12-30 08:00:00','2022-12-30 17:00:00'),(1484,18,1,'2022-09-01 08:27:00','2022-09-01 17:00:00'),(1485,18,1,'2022-09-02 08:00:00','2022-09-02 17:00:00'),(1486,18,1,'2022-09-05 08:00:00','2022-09-05 17:00:00'),(1487,18,1,'2022-09-06 08:00:00','2022-09-06 17:00:00'),(1488,18,1,'2022-09-07 08:00:00','2022-09-07 17:00:00'),(1489,18,1,'2022-09-08 08:00:00','2022-09-08 17:00:00'),(1490,18,1,'2022-09-09 08:00:00','2022-09-09 17:00:00'),(1491,18,1,'2022-09-12 08:27:00','2022-09-12 17:00:00'),(1492,18,1,'2022-09-13 08:00:00','2022-09-13 17:00:00'),(1493,18,1,'2022-09-14 08:00:00','2022-09-14 17:00:00'),(1494,18,1,'2022-09-15 08:00:00','2022-09-15 17:00:00'),(1495,18,1,'2022-09-16 08:00:00','2022-09-16 17:00:00'),(1496,18,1,'2022-09-19 08:00:00','2022-09-19 17:00:00'),(1497,18,1,'2022-09-20 08:00:00','2022-09-20 17:00:00'),(1498,18,1,'2022-09-21 08:27:00','2022-09-21 17:00:00'),(1499,18,1,'2022-09-22 08:00:00','2022-09-22 17:00:00'),(1500,18,1,'2022-09-23 08:00:00','2022-09-23 17:00:00'),(1501,18,1,'2022-09-26 08:00:00','2022-09-26 17:00:00'),(1502,18,1,'2022-09-27 08:00:00','2022-09-27 17:00:00'),(1503,18,1,'2022-09-28 08:00:00','2022-09-28 17:00:00'),(1504,18,1,'2022-09-29 08:00:00','2022-09-29 17:00:00'),(1505,18,1,'2022-09-30 08:27:00','2022-09-30 17:00:00'),(1506,18,1,'2022-10-03 08:00:00','2022-10-03 17:00:00'),(1507,18,1,'2022-10-04 08:00:00','2022-10-04 17:00:00'),(1508,18,1,'2022-10-05 08:00:00','2022-10-05 17:00:00'),(1509,18,1,'2022-10-06 08:00:00','2022-10-06 17:00:00'),(1510,18,1,'2022-10-07 08:00:00','2022-10-07 17:00:00'),(1511,18,1,'2022-10-10 08:00:00','2022-10-10 17:00:00'),(1512,18,1,'2022-10-11 08:27:00','2022-10-11 17:00:00'),(1513,18,1,'2022-10-12 08:00:00','2022-10-12 17:00:00'),(1514,18,1,'2022-10-13 08:00:00','2022-10-13 17:00:00'),(1515,18,1,'2022-10-14 08:00:00','2022-10-14 17:00:00'),(1516,18,1,'2022-10-17 08:00:00','2022-10-17 17:00:00'),(1517,18,1,'2022-10-18 08:00:00','2022-10-18 17:00:00'),(1518,18,1,'2022-10-19 08:00:00','2022-10-19 17:00:00'),(1519,18,1,'2022-10-20 08:27:00','2022-10-20 17:00:00'),(1520,18,1,'2022-10-21 08:00:00','2022-10-21 17:00:00'),(1521,18,1,'2022-10-24 08:00:00','2022-10-24 17:00:00'),(1522,18,1,'2022-10-25 08:00:00','2022-10-25 17:00:00'),(1523,18,1,'2022-10-26 08:00:00','2022-10-26 17:00:00'),(1524,18,1,'2022-10-27 08:00:00','2022-10-27 17:00:00'),(1525,18,1,'2022-10-28 08:00:00','2022-10-28 17:00:00'),(1526,18,1,'2022-10-31 08:27:00','2022-10-31 17:00:00'),(1527,18,1,'2022-11-01 00:00:00','2022-11-01 00:00:00'),(1528,18,1,'2022-11-02 08:00:00','2022-11-02 17:00:00'),(1529,18,1,'2022-11-03 08:00:00','2022-11-03 17:00:00'),(1530,18,1,'2022-11-04 08:00:00','2022-11-04 17:00:00'),(1531,18,1,'2022-11-07 08:00:00','2022-11-07 17:00:00'),(1532,18,1,'2022-11-08 08:00:00','2022-11-08 17:00:00'),(1533,18,1,'2022-11-09 08:27:00','2022-11-09 17:00:00'),(1534,18,1,'2022-11-10 08:00:00','2022-11-10 17:00:00'),(1535,18,1,'2022-11-11 08:00:00','2022-11-11 17:00:00'),(1536,18,1,'2022-11-14 08:00:00','2022-11-14 17:00:00'),(1537,18,1,'2022-11-15 08:00:00','2022-11-15 17:00:00'),(1538,18,1,'2022-11-16 08:00:00','2022-11-16 17:00:00'),(1539,18,1,'2022-11-17 08:00:00','2022-11-17 17:00:00'),(1540,18,1,'2022-11-18 08:27:00','2022-11-18 17:00:00'),(1541,18,1,'2022-11-21 08:00:00','2022-11-21 17:00:00'),(1542,18,1,'2022-11-22 08:00:00','2022-11-22 17:00:00'),(1543,18,1,'2022-11-23 08:00:00','2022-11-23 17:00:00'),(1544,18,1,'2022-11-24 08:00:00','2022-11-24 17:00:00'),(1545,18,1,'2022-11-25 08:00:00','2022-11-25 17:00:00'),(1546,18,1,'2022-11-28 08:00:00','2022-11-28 17:00:00'),(1547,18,1,'2022-11-29 08:27:00','2022-11-29 17:00:00'),(1548,18,1,'2022-11-30 00:00:00','2022-11-30 00:00:00'),(1549,18,1,'2022-12-01 08:00:00','2022-12-01 17:00:00'),(1550,18,1,'2022-12-02 08:00:00','2022-12-02 17:00:00'),(1551,18,1,'2022-12-05 08:00:00','2022-12-05 17:00:00'),(1552,18,1,'2022-12-06 08:00:00','2022-12-06 17:00:00'),(1553,18,1,'2022-12-07 08:00:00','2022-12-07 17:00:00'),(1554,18,1,'2022-12-08 00:00:00','2022-12-08 00:00:00'),(1555,18,1,'2022-12-09 08:00:00','2022-12-09 17:00:00'),(1556,18,1,'2022-12-12 08:00:00','2022-12-12 17:00:00'),(1557,18,1,'2022-12-13 08:00:00','2022-12-13 17:00:00'),(1558,18,1,'2022-12-14 08:00:00','2022-12-14 17:00:00'),(1559,18,1,'2022-12-15 08:00:00','2022-12-15 17:00:00'),(1560,18,1,'2022-12-16 08:00:00','2022-12-16 17:00:00'),(1561,18,1,'2022-12-19 08:27:00','2022-12-19 17:00:00'),(1562,18,1,'2022-12-20 08:00:00','2022-12-20 17:00:00'),(1563,18,1,'2022-12-21 08:00:00','2022-12-21 17:00:00'),(1564,18,1,'2022-12-22 08:00:00','2022-12-22 17:00:00'),(1565,18,1,'2022-12-23 08:00:00','2022-12-23 17:00:00'),(1566,18,1,'2022-12-26 08:00:00','2022-12-26 17:00:00'),(1567,18,1,'2022-12-27 08:00:00','2022-12-27 17:00:00'),(1568,18,1,'2022-12-28 08:27:00','2022-12-28 17:00:00'),(1569,18,1,'2022-12-29 08:00:00','2022-12-29 17:00:00'),(1570,18,1,'2022-12-30 08:00:00','2022-12-30 17:00:00'),(1571,19,1,'2022-09-01 08:27:00','2022-09-01 17:00:00'),(1572,19,1,'2022-09-02 08:00:00','2022-09-02 17:00:00'),(1573,19,1,'2022-09-05 08:00:00','2022-09-05 17:00:00'),(1574,19,1,'2022-09-06 08:00:00','2022-09-06 17:00:00'),(1575,19,1,'2022-09-07 08:00:00','2022-09-07 17:00:00'),(1576,19,1,'2022-09-08 08:00:00','2022-09-08 17:00:00'),(1577,19,1,'2022-09-09 08:00:00','2022-09-09 17:00:00'),(1578,19,1,'2022-09-12 08:27:00','2022-09-12 17:00:00'),(1579,19,1,'2022-09-13 08:00:00','2022-09-13 17:00:00'),(1580,19,1,'2022-09-14 08:00:00','2022-09-14 17:00:00'),(1581,19,1,'2022-09-15 08:00:00','2022-09-15 17:00:00'),(1582,19,1,'2022-09-16 08:00:00','2022-09-16 17:00:00'),(1583,19,1,'2022-09-19 08:00:00','2022-09-19 17:00:00'),(1584,19,1,'2022-09-20 08:00:00','2022-09-20 17:00:00'),(1585,19,1,'2022-09-21 08:27:00','2022-09-21 17:00:00'),(1586,19,1,'2022-09-22 08:00:00','2022-09-22 17:00:00'),(1587,19,1,'2022-09-23 08:00:00','2022-09-23 17:00:00'),(1588,19,1,'2022-09-26 08:00:00','2022-09-26 17:00:00'),(1589,19,1,'2022-09-27 08:00:00','2022-09-27 17:00:00'),(1590,19,1,'2022-09-28 08:00:00','2022-09-28 17:00:00'),(1591,19,1,'2022-09-29 08:00:00','2022-09-29 17:00:00'),(1592,19,1,'2022-09-30 08:27:00','2022-09-30 17:00:00'),(1593,19,1,'2022-10-03 08:00:00','2022-10-03 17:00:00'),(1594,19,1,'2022-10-04 08:00:00','2022-10-04 17:00:00'),(1595,19,1,'2022-10-05 08:00:00','2022-10-05 17:00:00'),(1596,19,1,'2022-10-06 08:00:00','2022-10-06 17:00:00'),(1597,19,1,'2022-10-07 08:00:00','2022-10-07 17:00:00'),(1598,19,1,'2022-10-10 08:00:00','2022-10-10 17:00:00'),(1599,19,1,'2022-10-11 08:27:00','2022-10-11 17:00:00'),(1600,19,1,'2022-10-12 08:00:00','2022-10-12 17:00:00'),(1601,19,1,'2022-10-13 08:00:00','2022-10-13 17:00:00'),(1602,19,1,'2022-10-14 08:00:00','2022-10-14 17:00:00'),(1603,19,1,'2022-10-17 08:00:00','2022-10-17 17:00:00'),(1604,19,1,'2022-10-18 08:00:00','2022-10-18 17:00:00'),(1605,19,1,'2022-10-19 08:00:00','2022-10-19 17:00:00'),(1606,19,1,'2022-10-20 08:27:00','2022-10-20 17:00:00'),(1607,19,1,'2022-10-21 08:00:00','2022-10-21 17:00:00'),(1608,19,1,'2022-10-24 08:00:00','2022-10-24 17:00:00'),(1609,19,1,'2022-10-25 08:00:00','2022-10-25 17:00:00'),(1610,19,1,'2022-10-26 08:00:00','2022-10-26 17:00:00'),(1611,19,1,'2022-10-27 08:00:00','2022-10-27 17:00:00'),(1612,19,1,'2022-10-28 08:00:00','2022-10-28 17:00:00'),(1613,19,1,'2022-10-31 08:27:00','2022-10-31 17:00:00'),(1614,19,1,'2022-11-01 00:00:00','2022-11-01 00:00:00'),(1615,19,1,'2022-11-02 08:00:00','2022-11-02 17:00:00'),(1616,19,1,'2022-11-03 08:00:00','2022-11-03 17:00:00'),(1617,19,1,'2022-11-04 08:00:00','2022-11-04 17:00:00'),(1618,19,1,'2022-11-07 08:00:00','2022-11-07 17:00:00'),(1619,19,1,'2022-11-08 08:00:00','2022-11-08 17:00:00'),(1620,19,1,'2022-11-09 08:27:00','2022-11-09 17:00:00'),(1621,19,1,'2022-11-10 08:00:00','2022-11-10 17:00:00'),(1622,19,1,'2022-11-11 08:00:00','2022-11-11 17:00:00'),(1623,19,1,'2022-11-14 08:00:00','2022-11-14 17:00:00'),(1624,19,1,'2022-11-15 08:00:00','2022-11-15 17:00:00'),(1625,19,1,'2022-11-16 08:00:00','2022-11-16 17:00:00'),(1626,19,1,'2022-11-17 08:00:00','2022-11-17 17:00:00'),(1627,19,1,'2022-11-18 08:27:00','2022-11-18 17:00:00'),(1628,19,1,'2022-11-21 08:00:00','2022-11-21 17:00:00'),(1629,19,1,'2022-11-22 08:00:00','2022-11-22 17:00:00'),(1630,19,1,'2022-11-23 08:00:00','2022-11-23 17:00:00'),(1631,19,1,'2022-11-24 08:00:00','2022-11-24 17:00:00'),(1632,19,1,'2022-11-25 08:00:00','2022-11-25 17:00:00'),(1633,19,1,'2022-11-28 08:00:00','2022-11-28 17:00:00'),(1634,19,1,'2022-11-29 08:27:00','2022-11-29 17:00:00'),(1635,19,1,'2022-11-30 00:00:00','2022-11-30 00:00:00'),(1636,19,1,'2022-12-01 08:00:00','2022-12-01 17:00:00'),(1637,19,1,'2022-12-02 08:00:00','2022-12-02 17:00:00'),(1638,19,1,'2022-12-05 08:00:00','2022-12-05 17:00:00'),(1639,19,1,'2022-12-06 08:00:00','2022-12-06 17:00:00'),(1640,19,1,'2022-12-07 08:00:00','2022-12-07 17:00:00'),(1641,19,1,'2022-12-08 00:00:00','2022-12-08 00:00:00'),(1642,19,1,'2022-12-09 08:00:00','2022-12-09 17:00:00'),(1643,19,1,'2022-12-12 08:00:00','2022-12-12 17:00:00'),(1644,19,1,'2022-12-13 08:00:00','2022-12-13 17:00:00'),(1645,19,1,'2022-12-14 08:00:00','2022-12-14 17:00:00'),(1646,19,1,'2022-12-15 08:00:00','2022-12-15 17:00:00'),(1647,19,1,'2022-12-16 08:00:00','2022-12-16 17:00:00'),(1648,19,1,'2022-12-19 08:27:00','2022-12-19 17:00:00'),(1649,19,1,'2022-12-20 08:00:00','2022-12-20 17:00:00'),(1650,19,1,'2022-12-21 08:00:00','2022-12-21 17:00:00'),(1651,19,1,'2022-12-22 08:00:00','2022-12-22 17:00:00'),(1652,19,1,'2022-12-23 08:00:00','2022-12-23 17:00:00'),(1653,19,1,'2022-12-26 08:00:00','2022-12-26 17:00:00'),(1654,19,1,'2022-12-27 08:00:00','2022-12-27 17:00:00'),(1655,19,1,'2022-12-28 08:27:00','2022-12-28 17:00:00'),(1656,19,1,'2022-12-29 08:00:00','2022-12-29 17:00:00'),(1657,19,1,'2022-12-30 08:00:00','2022-12-30 17:00:00'),(1658,20,1,'2022-09-01 08:27:00','2022-09-01 17:00:00'),(1659,20,1,'2022-09-02 08:00:00','2022-09-02 17:00:00'),(1660,20,1,'2022-09-05 08:00:00','2022-09-05 17:00:00'),(1661,20,1,'2022-09-06 08:00:00','2022-09-06 17:00:00'),(1662,20,1,'2022-09-07 08:00:00','2022-09-07 17:00:00'),(1663,20,1,'2022-09-08 08:00:00','2022-09-08 17:00:00'),(1664,20,1,'2022-09-09 08:00:00','2022-09-09 17:00:00'),(1665,20,1,'2022-09-12 08:27:00','2022-09-12 17:00:00'),(1666,20,1,'2022-09-13 08:00:00','2022-09-13 17:00:00'),(1667,20,1,'2022-09-14 08:00:00','2022-09-14 17:00:00'),(1668,20,1,'2022-09-15 08:00:00','2022-09-15 17:00:00'),(1669,20,1,'2022-09-16 08:00:00','2022-09-16 17:00:00'),(1670,20,1,'2022-09-19 08:00:00','2022-09-19 17:00:00'),(1671,20,1,'2022-09-20 08:00:00','2022-09-20 17:00:00'),(1672,20,1,'2022-09-21 08:27:00','2022-09-21 17:00:00'),(1673,20,1,'2022-09-22 08:00:00','2022-09-22 17:00:00'),(1674,20,1,'2022-09-23 08:00:00','2022-09-23 17:00:00'),(1675,20,1,'2022-09-26 08:00:00','2022-09-26 17:00:00'),(1676,20,1,'2022-09-27 08:00:00','2022-09-27 17:00:00'),(1677,20,1,'2022-09-28 08:00:00','2022-09-28 17:00:00'),(1678,20,1,'2022-09-29 08:00:00','2022-09-29 17:00:00'),(1679,20,1,'2022-09-30 08:27:00','2022-09-30 17:00:00'),(1680,20,1,'2022-10-03 08:00:00','2022-10-03 17:00:00'),(1681,20,1,'2022-10-04 08:00:00','2022-10-04 17:00:00'),(1682,20,1,'2022-10-05 08:00:00','2022-10-05 17:00:00'),(1683,20,1,'2022-10-06 08:00:00','2022-10-06 17:00:00'),(1684,20,1,'2022-10-07 08:00:00','2022-10-07 17:00:00'),(1685,20,1,'2022-10-10 08:00:00','2022-10-10 17:00:00'),(1686,20,1,'2022-10-11 08:27:00','2022-10-11 17:00:00'),(1687,20,1,'2022-10-12 08:00:00','2022-10-12 17:00:00'),(1688,20,1,'2022-10-13 08:00:00','2022-10-13 17:00:00'),(1689,20,1,'2022-10-14 08:00:00','2022-10-14 17:00:00'),(1690,20,1,'2022-10-17 08:00:00','2022-10-17 17:00:00'),(1691,20,1,'2022-10-18 08:00:00','2022-10-18 17:00:00'),(1692,20,1,'2022-10-19 08:00:00','2022-10-19 17:00:00'),(1693,20,1,'2022-10-20 08:27:00','2022-10-20 17:00:00'),(1694,20,1,'2022-10-21 08:00:00','2022-10-21 17:00:00'),(1695,20,1,'2022-10-24 08:00:00','2022-10-24 17:00:00'),(1696,20,1,'2022-10-25 08:00:00','2022-10-25 17:00:00'),(1697,20,1,'2022-10-26 08:00:00','2022-10-26 17:00:00'),(1698,20,1,'2022-10-27 08:00:00','2022-10-27 17:00:00'),(1699,20,1,'2022-10-28 08:00:00','2022-10-28 17:00:00'),(1700,20,1,'2022-10-31 08:27:00','2022-10-31 17:00:00'),(1701,20,1,'2022-11-01 00:00:00','2022-11-01 00:00:00'),(1702,20,1,'2022-11-02 08:00:00','2022-11-02 17:00:00'),(1703,20,1,'2022-11-03 08:00:00','2022-11-03 17:00:00'),(1704,20,1,'2022-11-04 08:00:00','2022-11-04 17:00:00'),(1705,20,1,'2022-11-07 08:00:00','2022-11-07 17:00:00'),(1706,20,1,'2022-11-08 08:00:00','2022-11-08 17:00:00'),(1707,20,1,'2022-11-09 08:27:00','2022-11-09 17:00:00'),(1708,20,1,'2022-11-10 08:00:00','2022-11-10 17:00:00'),(1709,20,1,'2022-11-11 08:00:00','2022-11-11 17:00:00'),(1710,20,1,'2022-11-14 08:00:00','2022-11-14 17:00:00'),(1711,20,1,'2022-11-15 08:00:00','2022-11-15 17:00:00'),(1712,20,1,'2022-11-16 08:00:00','2022-11-16 17:00:00'),(1713,20,1,'2022-11-17 08:00:00','2022-11-17 17:00:00'),(1714,20,1,'2022-11-18 08:27:00','2022-11-18 17:00:00'),(1715,20,1,'2022-11-21 08:00:00','2022-11-21 17:00:00'),(1716,20,1,'2022-11-22 08:00:00','2022-11-22 17:00:00'),(1717,20,1,'2022-11-23 08:00:00','2022-11-23 17:00:00'),(1718,20,1,'2022-11-24 08:00:00','2022-11-24 17:00:00'),(1719,20,1,'2022-11-25 08:00:00','2022-11-25 17:00:00'),(1720,20,1,'2022-11-28 08:00:00','2022-11-28 17:00:00'),(1721,20,1,'2022-11-29 08:27:00','2022-11-29 17:00:00'),(1722,20,1,'2022-11-30 00:00:00','2022-11-30 00:00:00'),(1723,20,1,'2022-12-01 08:00:00','2022-12-01 17:00:00'),(1724,20,1,'2022-12-02 08:00:00','2022-12-02 17:00:00'),(1725,20,1,'2022-12-05 08:00:00','2022-12-05 17:00:00'),(1726,20,1,'2022-12-06 08:00:00','2022-12-06 17:00:00'),(1727,20,1,'2022-12-07 08:00:00','2022-12-07 17:00:00'),(1728,20,1,'2022-12-08 00:00:00','2022-12-08 00:00:00'),(1729,20,1,'2022-12-09 08:00:00','2022-12-09 17:00:00'),(1730,20,1,'2022-12-12 08:00:00','2022-12-12 17:00:00'),(1731,20,1,'2022-12-13 08:00:00','2022-12-13 17:00:00'),(1732,20,1,'2022-12-14 08:00:00','2022-12-14 17:00:00'),(1733,20,1,'2022-12-15 08:00:00','2022-12-15 17:00:00'),(1734,20,1,'2022-12-16 08:00:00','2022-12-16 17:00:00'),(1735,20,1,'2022-12-19 08:27:00','2022-12-19 17:00:00'),(1736,20,1,'2022-12-20 08:00:00','2022-12-20 17:00:00'),(1737,20,1,'2022-12-21 08:00:00','2022-12-21 17:00:00'),(1738,20,1,'2022-12-22 08:00:00','2022-12-22 17:00:00'),(1739,20,1,'2022-12-23 08:00:00','2022-12-23 17:00:00'),(1740,20,1,'2022-12-26 08:00:00','2022-12-26 17:00:00'),(1741,20,1,'2022-12-27 08:00:00','2022-12-27 17:00:00'),(1742,20,1,'2022-12-28 08:27:00','2022-12-28 17:00:00'),(1743,20,1,'2022-12-29 08:00:00','2022-12-29 17:00:00'),(1744,20,1,'2022-12-30 08:00:00','2022-12-30 17:00:00'),(1745,4,3,'2024-06-17 15:50:12','2024-06-17 15:50:22'),(1746,21,1,'2022-09-01 08:00:00','2022-09-01 17:00:00'),(1747,21,1,'2022-09-02 08:00:00','2022-09-02 17:00:00'),(1748,21,1,'2022-09-05 08:00:00','2022-09-05 17:00:00'),(1749,21,1,'2022-09-06 08:00:00','2022-09-06 17:00:00'),(1750,21,1,'2022-09-07 08:00:00','2022-09-07 17:00:00'),(1751,21,1,'2022-09-08 08:00:00','2022-09-08 17:00:00'),(1752,21,1,'2022-09-09 08:00:00','2022-09-09 17:00:00'),(1753,21,1,'2022-09-12 08:00:00','2022-09-12 17:00:00'),(1754,21,1,'2022-09-13 08:00:00','2022-09-13 17:00:00'),(1755,21,1,'2022-09-14 08:00:00','2022-09-14 17:00:00'),(1756,21,1,'2022-09-15 08:00:00','2022-09-15 17:00:00'),(1757,21,1,'2022-09-16 08:00:00','2022-09-16 17:00:00'),(1758,21,1,'2022-09-19 08:00:00','2022-09-19 17:00:00'),(1759,21,1,'2022-09-20 08:00:00','2022-09-20 17:00:00'),(1760,21,1,'2022-09-21 08:00:00','2022-09-21 17:00:00'),(1761,21,1,'2022-09-22 08:00:00','2022-09-22 17:00:00'),(1762,21,1,'2022-09-23 08:00:00','2022-09-23 17:00:00'),(1763,21,1,'2022-09-26 08:00:00','2022-09-26 17:00:00'),(1764,21,1,'2022-09-27 08:00:00','2022-09-27 17:00:00'),(1765,21,1,'2022-09-28 08:00:00','2022-09-28 17:00:00'),(1766,21,1,'2022-09-29 08:00:00','2022-09-29 17:00:00'),(1767,21,1,'2022-09-30 08:00:00','2022-09-30 17:00:00'),(1768,21,1,'2022-10-03 08:00:00','2022-10-03 17:00:00'),(1769,21,1,'2022-10-04 08:00:00','2022-10-04 17:00:00'),(1770,21,1,'2022-10-05 08:00:00','2022-10-05 17:00:00'),(1771,21,1,'2022-10-06 08:00:00','2022-10-06 17:00:00'),(1772,21,1,'2022-10-07 08:00:00','2022-10-07 17:00:00'),(1773,21,1,'2022-10-10 08:00:00','2022-10-10 17:00:00'),(1774,21,1,'2022-10-11 08:00:00','2022-10-11 17:00:00'),(1775,21,1,'2022-10-12 08:00:00','2022-10-12 17:00:00'),(1776,21,1,'2022-10-13 08:00:00','2022-10-13 17:00:00'),(1777,21,1,'2022-10-14 08:00:00','2022-10-14 17:00:00'),(1778,21,1,'2022-10-17 08:00:00','2022-10-17 17:00:00'),(1779,21,1,'2022-10-18 08:00:00','2022-10-18 17:00:00'),(1780,21,1,'2022-10-19 08:00:00','2022-10-19 17:00:00'),(1781,21,1,'2022-10-20 08:00:00','2022-10-20 17:00:00'),(1782,21,1,'2022-10-21 08:00:00','2022-10-21 17:00:00'),(1783,21,1,'2022-10-24 08:00:00','2022-10-24 17:00:00'),(1784,21,1,'2022-10-25 08:00:00','2022-10-25 17:00:00'),(1785,21,1,'2022-10-26 08:00:00','2022-10-26 17:00:00'),(1786,21,1,'2022-10-27 08:00:00','2022-10-27 17:00:00'),(1787,21,1,'2022-10-28 08:00:00','2022-10-28 17:00:00'),(1788,21,1,'2022-10-31 08:00:00','2022-10-31 17:00:00'),(1789,21,1,'2022-11-01 00:00:00','2022-11-01 00:00:00'),(1790,21,1,'2022-11-02 08:00:00','2022-11-02 17:00:00'),(1791,21,1,'2022-11-03 08:00:00','2022-11-03 17:00:00'),(1792,21,1,'2022-11-04 08:00:00','2022-11-04 17:00:00'),(1793,21,1,'2022-11-07 08:00:00','2022-11-07 17:00:00'),(1794,21,1,'2022-11-08 08:00:00','2022-11-08 17:00:00'),(1795,21,1,'2022-11-09 08:00:00','2022-11-09 17:00:00'),(1796,21,1,'2022-11-10 08:00:00','2022-11-10 17:00:00'),(1797,21,1,'2022-11-11 08:00:00','2022-11-11 17:00:00'),(1798,21,1,'2022-11-14 08:00:00','2022-11-14 17:00:00'),(1799,21,1,'2022-11-15 08:00:00','2022-11-15 17:00:00'),(1800,21,1,'2022-11-16 08:00:00','2022-11-16 17:00:00'),(1801,21,1,'2022-11-17 08:00:00','2022-11-17 17:00:00'),(1802,21,1,'2022-11-18 08:00:00','2022-11-18 17:00:00'),(1803,21,1,'2022-11-21 08:00:00','2022-11-21 17:00:00'),(1804,21,1,'2022-11-22 08:00:00','2022-11-22 17:00:00'),(1805,21,1,'2022-11-23 08:00:00','2022-11-23 17:00:00'),(1806,21,1,'2022-11-24 08:00:00','2022-11-24 17:00:00'),(1807,21,1,'2022-11-25 08:00:00','2022-11-25 17:00:00'),(1808,21,1,'2022-11-28 08:00:00','2022-11-28 17:00:00'),(1809,21,1,'2022-11-29 08:00:00','2022-11-29 17:00:00'),(1810,21,1,'2022-11-30 00:00:00','2022-11-30 00:00:00'),(1811,21,1,'2022-12-01 08:00:00','2022-12-01 17:00:00'),(1812,21,1,'2022-12-02 08:00:00','2022-12-02 17:00:00'),(1813,21,1,'2022-12-05 08:00:00','2022-12-05 17:00:00'),(1814,21,1,'2022-12-06 08:00:00','2022-12-06 17:00:00'),(1815,21,1,'2022-12-07 08:00:00','2022-12-07 17:00:00'),(1816,21,1,'2022-12-08 00:00:00','2022-12-08 00:00:00'),(1817,21,1,'2022-12-09 08:00:00','2022-12-09 17:00:00'),(1818,21,1,'2022-12-12 08:00:00','2022-12-12 17:00:00'),(1819,21,1,'2022-12-13 08:00:00','2022-12-13 17:00:00'),(1820,21,1,'2022-12-14 08:00:00','2022-12-14 17:00:00'),(1821,21,1,'2022-12-15 08:00:00','2022-12-15 17:00:00'),(1822,21,1,'2022-12-16 08:00:00','2022-12-16 17:00:00'),(1823,21,1,'2022-12-19 08:00:00','2022-12-19 17:00:00'),(1824,21,1,'2022-12-20 08:00:00','2022-12-20 17:00:00'),(1825,21,1,'2022-12-21 08:00:00','2022-12-21 17:00:00'),(1826,21,1,'2022-12-22 08:00:00','2022-12-22 17:00:00'),(1827,21,1,'2022-12-23 08:00:00','2022-12-23 17:00:00'),(1828,21,1,'2022-12-26 08:00:00','2022-12-26 17:00:00'),(1829,21,1,'2022-12-27 08:00:00','2022-12-27 17:00:00'),(1830,21,1,'2022-12-28 08:00:00','2022-12-28 17:00:00'),(1831,21,1,'2022-12-29 08:00:00','2022-12-29 17:00:00'),(1832,21,1,'2022-12-30 00:00:00','2022-12-30 00:00:00'),(1833,22,1,'2022-09-01 08:00:00','2022-09-01 17:00:00'),(1834,22,1,'2022-09-02 08:00:00','2022-09-02 17:00:00'),(1835,22,1,'2022-09-05 08:00:00','2022-09-05 17:00:00'),(1836,22,1,'2022-09-06 08:00:00','2022-09-06 17:00:00'),(1837,22,1,'2022-09-07 08:00:00','2022-09-07 17:00:00'),(1838,22,1,'2022-09-08 08:00:00','2022-09-08 17:00:00'),(1839,22,1,'2022-09-09 08:00:00','2022-09-09 17:00:00'),(1840,22,1,'2022-09-12 08:00:00','2022-09-12 17:00:00'),(1841,22,1,'2022-09-13 08:00:00','2022-09-13 17:00:00'),(1842,22,1,'2022-09-14 08:00:00','2022-09-14 17:00:00'),(1843,22,1,'2022-09-15 08:00:00','2022-09-15 17:00:00'),(1844,22,1,'2022-09-16 08:00:00','2022-09-16 17:00:00'),(1845,22,1,'2022-09-19 08:00:00','2022-09-19 17:00:00'),(1846,22,1,'2022-09-20 08:00:00','2022-09-20 17:00:00'),(1847,22,1,'2022-09-21 08:00:00','2022-09-21 17:00:00'),(1848,22,1,'2022-09-22 08:00:00','2022-09-22 17:00:00'),(1849,22,1,'2022-09-23 08:00:00','2022-09-23 17:00:00'),(1850,22,1,'2022-09-26 08:00:00','2022-09-26 17:00:00'),(1851,22,1,'2022-09-27 08:00:00','2022-09-27 17:00:00'),(1852,22,1,'2022-09-28 08:00:00','2022-09-28 17:00:00'),(1853,22,1,'2022-09-29 08:00:00','2022-09-29 17:00:00'),(1854,22,1,'2022-09-30 08:00:00','2022-09-30 17:00:00'),(1855,22,1,'2022-10-03 08:00:00','2022-10-03 17:00:00'),(1856,22,1,'2022-10-04 08:00:00','2022-10-04 17:00:00'),(1857,22,1,'2022-10-05 08:00:00','2022-10-05 17:00:00'),(1858,22,1,'2022-10-06 08:00:00','2022-10-06 17:00:00'),(1859,22,1,'2022-10-07 08:00:00','2022-10-07 17:00:00'),(1860,22,1,'2022-10-10 08:00:00','2022-10-10 17:00:00'),(1861,22,1,'2022-10-11 08:00:00','2022-10-11 17:00:00'),(1862,22,1,'2022-10-12 08:00:00','2022-10-12 17:00:00'),(1863,22,1,'2022-10-13 08:00:00','2022-10-13 17:00:00'),(1864,22,1,'2022-10-14 08:00:00','2022-10-14 17:00:00'),(1865,22,1,'2022-10-17 08:00:00','2022-10-17 17:00:00'),(1866,22,1,'2022-10-18 08:00:00','2022-10-18 17:00:00'),(1867,22,1,'2022-10-19 08:00:00','2022-10-19 17:00:00'),(1868,22,1,'2022-10-20 08:00:00','2022-10-20 17:00:00'),(1869,22,1,'2022-10-21 08:00:00','2022-10-21 17:00:00'),(1870,22,1,'2022-10-24 08:00:00','2022-10-24 17:00:00'),(1871,22,1,'2022-10-25 08:00:00','2022-10-25 17:00:00'),(1872,22,1,'2022-10-26 08:00:00','2022-10-26 17:00:00'),(1873,22,1,'2022-10-27 08:00:00','2022-10-27 17:00:00'),(1874,22,1,'2022-10-28 08:00:00','2022-10-28 17:00:00'),(1875,22,1,'2022-10-31 08:00:00','2022-10-31 17:00:00'),(1876,22,1,'2022-11-01 00:00:00','2022-11-01 00:00:00'),(1877,22,1,'2022-11-02 08:00:00','2022-11-02 17:00:00'),(1878,22,1,'2022-11-03 08:00:00','2022-11-03 17:00:00'),(1879,22,1,'2022-11-04 08:00:00','2022-11-04 17:00:00'),(1880,22,1,'2022-11-07 08:00:00','2022-11-07 17:00:00'),(1881,22,1,'2022-11-08 08:00:00','2022-11-08 17:00:00'),(1882,22,1,'2022-11-09 08:00:00','2022-11-09 17:00:00'),(1883,22,1,'2022-11-10 08:00:00','2022-11-10 17:00:00'),(1884,22,1,'2022-11-11 08:00:00','2022-11-11 17:00:00'),(1885,22,1,'2022-11-14 08:00:00','2022-11-14 17:00:00'),(1886,22,1,'2022-11-15 08:00:00','2022-11-15 17:00:00'),(1887,22,1,'2022-11-16 08:00:00','2022-11-16 17:00:00'),(1888,22,1,'2022-11-17 08:00:00','2022-11-17 17:00:00'),(1889,22,1,'2022-11-18 08:00:00','2022-11-18 17:00:00'),(1890,22,1,'2022-11-21 08:00:00','2022-11-21 17:00:00'),(1891,22,1,'2022-11-22 08:00:00','2022-11-22 17:00:00'),(1892,22,1,'2022-11-23 08:00:00','2022-11-23 17:00:00'),(1893,22,1,'2022-11-24 08:00:00','2022-11-24 17:00:00'),(1894,22,1,'2022-11-25 08:00:00','2022-11-25 17:00:00'),(1895,22,1,'2022-11-28 08:00:00','2022-11-28 17:00:00'),(1896,22,1,'2022-11-29 08:00:00','2022-11-29 17:00:00'),(1897,22,1,'2022-11-30 00:00:00','2022-11-30 00:00:00'),(1898,22,1,'2022-12-01 08:00:00','2022-12-01 17:00:00'),(1899,22,1,'2022-12-02 08:00:00','2022-12-02 17:00:00'),(1900,22,1,'2022-12-05 08:00:00','2022-12-05 17:00:00'),(1901,22,1,'2022-12-06 08:00:00','2022-12-06 17:00:00'),(1902,22,1,'2022-12-07 08:00:00','2022-12-07 17:00:00'),(1903,22,1,'2022-12-08 00:00:00','2022-12-08 00:00:00'),(1904,22,1,'2022-12-09 08:00:00','2022-12-09 17:00:00'),(1905,22,1,'2022-12-12 08:00:00','2022-12-12 17:00:00'),(1906,22,1,'2022-12-13 08:00:00','2022-12-13 17:00:00'),(1907,22,1,'2022-12-14 08:00:00','2022-12-14 17:00:00'),(1908,22,1,'2022-12-15 00:00:00','2022-12-15 00:00:00'),(1909,22,1,'2022-12-16 00:00:00','2022-12-16 00:00:00'),(1910,22,1,'2022-12-19 00:00:00','2022-12-19 00:00:00'),(1911,22,1,'2022-12-20 00:00:00','2022-12-20 00:00:00'),(1912,22,1,'2022-12-21 00:00:00','2022-12-21 00:00:00'),(1913,22,1,'2022-12-22 00:00:00','2022-12-22 00:00:00'),(1914,22,1,'2022-12-23 00:00:00','2022-12-23 00:00:00'),(1915,22,1,'2022-12-26 00:00:00','2022-12-26 00:00:00'),(1916,22,1,'2022-12-27 00:00:00','2022-12-27 00:00:00'),(1917,22,1,'2022-12-28 00:00:00','2022-12-28 00:00:00'),(1918,22,1,'2022-12-29 00:00:00','2022-12-29 00:00:00'),(1919,22,1,'2022-12-30 00:00:00','2022-12-30 00:00:00'),(1920,23,1,'2022-09-01 08:00:00','2022-09-01 17:00:00'),(1921,23,1,'2022-09-02 08:00:00','2022-09-02 17:00:00'),(1922,23,1,'2022-09-05 08:00:00','2022-09-05 17:00:00'),(1923,23,1,'2022-09-06 11:30:00','2022-09-06 17:00:00'),(1924,23,1,'2022-09-07 08:00:00','2022-09-07 17:00:00'),(1925,23,1,'2022-09-08 08:00:00','2022-09-08 17:00:00'),(1926,23,1,'2022-09-09 08:00:00','2022-09-09 17:00:00'),(1927,23,1,'2022-09-12 08:00:00','2022-09-12 17:00:00'),(1928,23,1,'2022-09-13 08:00:00','2022-09-13 17:00:00'),(1929,23,1,'2022-09-14 08:00:00','2022-09-14 17:00:00'),(1930,23,1,'2022-09-15 11:30:00','2022-09-15 17:00:00'),(1931,23,1,'2022-09-16 08:00:00','2022-09-16 17:00:00'),(1932,23,1,'2022-09-19 08:00:00','2022-09-19 17:00:00'),(1933,23,1,'2022-09-20 08:00:00','2022-09-20 17:00:00'),(1934,23,1,'2022-09-21 08:00:00','2022-09-21 17:00:00'),(1935,23,1,'2022-09-22 08:00:00','2022-09-22 17:00:00'),(1936,23,1,'2022-09-23 08:00:00','2022-09-23 17:00:00'),(1937,23,1,'2022-09-26 11:30:00','2022-09-26 17:00:00'),(1938,23,1,'2022-09-27 08:00:00','2022-09-27 17:00:00'),(1939,23,1,'2022-09-28 08:00:00','2022-09-28 17:00:00'),(1940,23,1,'2022-09-29 08:00:00','2022-09-29 17:00:00'),(1941,23,1,'2022-09-30 08:00:00','2022-09-30 17:00:00'),(1942,23,1,'2022-10-03 08:00:00','2022-10-03 17:00:00'),(1943,23,1,'2022-10-04 08:00:00','2022-10-04 17:00:00'),(1944,23,1,'2022-10-05 11:30:00','2022-10-05 17:00:00'),(1945,23,1,'2022-10-06 08:00:00','2022-10-06 17:00:00'),(1946,23,1,'2022-10-07 08:00:00','2022-10-07 17:00:00'),(1947,23,1,'2022-10-10 08:00:00','2022-10-10 17:00:00'),(1948,23,1,'2022-10-11 08:00:00','2022-10-11 17:00:00'),(1949,23,1,'2022-10-12 08:00:00','2022-10-12 17:00:00'),(1950,23,1,'2022-10-13 08:00:00','2022-10-13 17:00:00'),(1951,23,1,'2022-10-14 11:30:00','2022-10-14 17:00:00'),(1952,23,1,'2022-10-17 08:00:00','2022-10-17 17:00:00'),(1953,23,1,'2022-10-18 08:00:00','2022-10-18 17:00:00'),(1954,23,1,'2022-10-19 08:00:00','2022-10-19 17:00:00'),(1955,23,1,'2022-10-20 08:00:00','2022-10-20 17:00:00'),(1956,23,1,'2022-10-21 08:00:00','2022-10-21 17:00:00'),(1957,23,1,'2022-10-24 08:00:00','2022-10-24 17:00:00'),(1958,23,1,'2022-10-25 11:30:00','2022-10-25 17:00:00'),(1959,23,1,'2022-10-26 08:00:00','2022-10-26 17:00:00'),(1960,23,1,'2022-10-27 08:00:00','2022-10-27 17:00:00'),(1961,23,1,'2022-10-28 08:00:00','2022-10-28 17:00:00'),(1962,23,1,'2022-10-31 08:00:00','2022-10-31 17:00:00'),(1963,23,1,'2022-11-01 00:00:00','2022-11-01 00:00:00'),(1964,23,1,'2022-11-02 08:00:00','2022-11-02 17:00:00'),(1965,23,1,'2022-11-03 11:30:00','2022-11-03 17:00:00'),(1966,23,1,'2022-11-04 08:00:00','2022-11-04 17:00:00'),(1967,23,1,'2022-11-07 08:00:00','2022-11-07 17:00:00'),(1968,23,1,'2022-11-08 08:00:00','2022-11-08 17:00:00'),(1969,23,1,'2022-11-09 08:00:00','2022-11-09 17:00:00'),(1970,23,1,'2022-11-10 08:00:00','2022-11-10 17:00:00'),(1971,23,1,'2022-11-11 08:00:00','2022-11-11 17:00:00'),(1972,23,1,'2022-11-14 11:30:00','2022-11-14 17:00:00'),(1973,23,1,'2022-11-15 08:00:00','2022-11-15 17:00:00'),(1974,23,1,'2022-11-16 08:00:00','2022-11-16 17:00:00'),(1975,23,1,'2022-11-17 08:00:00','2022-11-17 17:00:00'),(1976,23,1,'2022-11-18 08:00:00','2022-11-18 17:00:00'),(1977,23,1,'2022-11-21 08:00:00','2022-11-21 17:00:00'),(1978,23,1,'2022-11-22 08:00:00','2022-11-22 17:00:00'),(1979,23,1,'2022-11-23 11:30:00','2022-11-23 17:00:00'),(1980,23,1,'2022-11-24 08:00:00','2022-11-24 17:00:00'),(1981,23,1,'2022-11-25 08:00:00','2022-11-25 17:00:00'),(1982,23,1,'2022-11-28 08:00:00','2022-11-28 17:00:00'),(1983,23,1,'2022-11-29 08:00:00','2022-11-29 17:00:00'),(1984,23,1,'2022-11-30 00:00:00','2022-11-30 00:00:00'),(1985,23,1,'2022-12-01 08:00:00','2022-12-01 17:00:00'),(1986,23,1,'2022-12-02 11:30:00','2022-12-02 17:00:00'),(1987,23,1,'2022-12-05 08:00:00','2022-12-05 17:00:00'),(1988,23,1,'2022-12-06 08:00:00','2022-12-06 17:00:00'),(1989,23,1,'2022-12-07 08:00:00','2022-12-07 17:00:00'),(1990,23,1,'2022-12-08 00:00:00','2022-12-08 00:00:00'),(1991,23,1,'2022-12-09 08:00:00','2022-12-09 17:00:00'),(1992,23,1,'2022-12-12 08:00:00','2022-12-12 17:00:00'),(1993,23,1,'2022-12-13 11:30:00','2022-12-13 17:00:00'),(1994,23,1,'2022-12-14 08:00:00','2022-12-14 17:00:00'),(1995,23,1,'2022-12-15 00:00:00','2022-12-15 00:00:00'),(1996,23,1,'2022-12-16 00:00:00','2022-12-16 00:00:00'),(1997,23,1,'2022-12-19 00:00:00','2022-12-19 00:00:00'),(1998,23,1,'2022-12-20 00:00:00','2022-12-20 00:00:00'),(1999,23,1,'2022-12-21 00:00:00','2022-12-21 00:00:00'),(2000,23,1,'2022-12-22 00:00:00','2022-12-22 00:00:00'),(2001,23,1,'2022-12-23 00:00:00','2022-12-23 00:00:00'),(2002,23,1,'2022-12-26 00:00:00','2022-12-26 00:00:00'),(2003,23,1,'2022-12-27 00:00:00','2022-12-27 00:00:00'),(2004,23,1,'2022-12-28 00:00:00','2022-12-28 00:00:00'),(2005,23,1,'2022-12-29 00:00:00','2022-12-29 00:00:00'),(2006,23,1,'2022-12-30 00:00:00','2022-12-30 00:00:00'),(2007,24,1,'2022-09-01 08:00:00','2022-09-01 17:00:00'),(2008,24,1,'2022-09-02 08:00:00','2022-09-02 17:00:00'),(2009,24,1,'2022-09-05 08:00:00','2022-09-05 17:00:00'),(2010,24,1,'2022-09-06 08:00:00','2022-09-06 17:00:00'),(2011,24,1,'2022-09-07 08:00:00','2022-09-07 17:00:00'),(2012,24,1,'2022-09-08 08:00:00','2022-09-08 17:00:00'),(2013,24,1,'2022-09-09 08:00:00','2022-09-09 17:00:00'),(2014,24,1,'2022-09-12 08:00:00','2022-09-12 17:00:00'),(2015,24,1,'2022-09-13 08:00:00','2022-09-13 17:00:00'),(2016,24,1,'2022-09-14 08:00:00','2022-09-14 17:00:00'),(2017,24,1,'2022-09-15 08:00:00','2022-09-15 17:00:00'),(2018,24,1,'2022-09-16 08:00:00','2022-09-16 17:00:00'),(2019,24,1,'2022-09-19 08:00:00','2022-09-19 17:00:00'),(2020,24,1,'2022-09-20 08:00:00','2022-09-20 17:00:00'),(2021,24,1,'2022-09-21 08:00:00','2022-09-21 17:00:00'),(2022,24,1,'2022-09-22 08:00:00','2022-09-22 17:00:00'),(2023,24,1,'2022-09-23 08:00:00','2022-09-23 17:00:00'),(2024,24,1,'2022-09-26 08:00:00','2022-09-26 17:00:00'),(2025,24,1,'2022-09-27 08:00:00','2022-09-27 17:00:00'),(2026,24,1,'2022-09-28 08:00:00','2022-09-28 17:00:00'),(2027,24,1,'2022-09-29 08:00:00','2022-09-29 17:00:00'),(2028,24,1,'2022-09-30 08:00:00','2022-09-30 17:00:00'),(2029,24,1,'2022-10-03 08:00:00','2022-10-03 17:00:00'),(2030,24,1,'2022-10-04 08:00:00','2022-10-04 17:00:00'),(2031,24,1,'2022-10-05 08:00:00','2022-10-05 17:00:00'),(2032,24,1,'2022-10-06 08:00:00','2022-10-06 17:00:00'),(2033,24,1,'2022-10-07 08:00:00','2022-10-07 17:00:00'),(2034,24,1,'2022-10-10 08:00:00','2022-10-10 17:00:00'),(2035,24,1,'2022-10-11 08:00:00','2022-10-11 17:00:00'),(2036,24,1,'2022-10-12 08:00:00','2022-10-12 17:00:00'),(2037,24,1,'2022-10-13 08:00:00','2022-10-13 17:00:00'),(2038,24,1,'2022-10-14 08:00:00','2022-10-14 17:00:00'),(2039,24,1,'2022-10-17 08:00:00','2022-10-17 17:00:00'),(2040,24,1,'2022-10-18 08:00:00','2022-10-18 17:00:00'),(2041,24,1,'2022-10-19 08:00:00','2022-10-19 17:00:00'),(2042,24,1,'2022-10-20 08:00:00','2022-10-20 17:00:00'),(2043,24,1,'2022-10-21 08:00:00','2022-10-21 17:00:00'),(2044,24,1,'2022-10-24 08:00:00','2022-10-24 17:00:00'),(2045,24,1,'2022-10-25 08:00:00','2022-10-25 17:00:00'),(2046,24,1,'2022-10-26 08:00:00','2022-10-26 17:00:00'),(2047,24,1,'2022-10-27 08:00:00','2022-10-27 17:00:00'),(2048,24,1,'2022-10-28 08:00:00','2022-10-28 17:00:00'),(2049,24,1,'2022-10-31 08:00:00','2022-10-31 17:00:00'),(2050,24,1,'2022-11-01 00:00:00','2022-11-01 00:00:00'),(2051,24,1,'2022-11-02 08:00:00','2022-11-02 17:00:00'),(2052,24,1,'2022-11-03 08:00:00','2022-11-03 17:00:00'),(2053,24,1,'2022-11-04 08:00:00','2022-11-04 17:00:00'),(2054,24,1,'2022-11-07 08:00:00','2022-11-07 17:00:00'),(2055,24,1,'2022-11-08 08:00:00','2022-11-08 17:00:00'),(2056,24,1,'2022-11-09 08:00:00','2022-11-09 17:00:00'),(2057,24,1,'2022-11-10 08:00:00','2022-11-10 17:00:00'),(2058,24,1,'2022-11-11 08:00:00','2022-11-11 17:00:00'),(2059,24,1,'2022-11-14 08:00:00','2022-11-14 17:00:00'),(2060,24,1,'2022-11-15 08:00:00','2022-11-15 17:00:00'),(2061,24,1,'2022-11-16 08:00:00','2022-11-16 17:00:00'),(2062,24,1,'2022-11-17 08:00:00','2022-11-17 17:00:00'),(2063,24,1,'2022-11-18 08:00:00','2022-11-18 17:00:00'),(2064,24,1,'2022-11-21 08:00:00','2022-11-21 17:00:00'),(2065,24,1,'2022-11-22 08:00:00','2022-11-22 17:00:00'),(2066,24,1,'2022-11-23 08:00:00','2022-11-23 17:00:00'),(2067,24,1,'2022-11-24 08:00:00','2022-11-24 17:00:00'),(2068,24,1,'2022-11-25 08:00:00','2022-11-25 17:00:00'),(2069,24,1,'2022-11-28 08:00:00','2022-11-28 17:00:00'),(2070,24,1,'2022-11-29 08:00:00','2022-11-29 17:00:00'),(2071,24,1,'2022-11-30 00:00:00','2022-11-30 00:00:00'),(2072,24,1,'2022-12-01 08:00:00','2022-12-01 17:00:00'),(2073,24,1,'2022-12-02 08:00:00','2022-12-02 17:00:00'),(2074,24,1,'2022-12-05 08:00:00','2022-12-05 17:00:00'),(2075,24,1,'2022-12-06 08:00:00','2022-12-06 17:00:00'),(2076,24,1,'2022-12-07 08:00:00','2022-12-07 17:00:00'),(2077,24,1,'2022-12-08 00:00:00','2022-12-08 00:00:00'),(2078,24,1,'2022-12-09 08:00:00','2022-12-09 17:00:00'),(2079,24,1,'2022-12-12 08:00:00','2022-12-12 17:00:00'),(2080,24,1,'2022-12-13 08:00:00','2022-12-13 17:00:00'),(2081,24,1,'2022-12-14 08:00:00','2022-12-14 17:00:00'),(2082,24,1,'2022-12-15 00:00:00','2022-12-15 00:00:00'),(2083,24,1,'2022-12-16 00:00:00','2022-12-16 00:00:00'),(2084,24,1,'2022-12-19 00:00:00','2022-12-19 00:00:00'),(2085,24,1,'2022-12-20 00:00:00','2022-12-20 00:00:00'),(2086,24,1,'2022-12-21 00:00:00','2022-12-21 00:00:00'),(2087,24,1,'2022-12-22 00:00:00','2022-12-22 00:00:00'),(2088,24,1,'2022-12-23 00:00:00','2022-12-23 00:00:00'),(2089,24,1,'2022-12-26 00:00:00','2022-12-26 00:00:00'),(2090,24,1,'2022-12-27 00:00:00','2022-12-27 00:00:00'),(2091,24,1,'2022-12-28 00:00:00','2022-12-28 00:00:00'),(2092,24,1,'2022-12-29 00:00:00','2022-12-29 00:00:00'),(2093,24,1,'2022-12-30 00:00:00','2022-12-30 00:00:00'),(2094,25,1,'2022-09-01 08:00:00','2022-09-01 17:00:00'),(2095,25,1,'2022-09-02 08:00:00','2022-09-02 17:00:00'),(2096,25,1,'2022-09-05 08:15:00','2022-09-05 17:00:00'),(2097,25,1,'2022-09-06 08:00:00','2022-09-06 17:00:00'),(2098,25,1,'2022-09-07 08:00:00','2022-09-07 17:00:00'),(2099,25,1,'2022-09-08 08:00:00','2022-09-08 17:00:00'),(2100,25,1,'2022-09-09 08:00:00','2022-09-09 17:00:00'),(2101,25,1,'2022-09-12 08:00:00','2022-09-12 17:00:00'),(2102,25,1,'2022-09-13 08:00:00','2022-09-13 17:00:00'),(2103,25,1,'2022-09-14 08:15:00','2022-09-14 17:00:00'),(2104,25,1,'2022-09-15 08:00:00','2022-09-15 17:00:00'),(2105,25,1,'2022-09-16 08:00:00','2022-09-16 17:00:00'),(2106,25,1,'2022-09-19 08:00:00','2022-09-19 17:00:00'),(2107,25,1,'2022-09-20 08:00:00','2022-09-20 17:00:00'),(2108,25,1,'2022-09-21 08:00:00','2022-09-21 17:00:00'),(2109,25,1,'2022-09-22 08:00:00','2022-09-22 17:00:00'),(2110,25,1,'2022-09-23 08:15:00','2022-09-23 17:00:00'),(2111,25,1,'2022-09-26 08:00:00','2022-09-26 17:00:00'),(2112,25,1,'2022-09-27 08:00:00','2022-09-27 17:00:00'),(2113,25,1,'2022-09-28 08:00:00','2022-09-28 17:00:00'),(2114,25,1,'2022-09-29 08:00:00','2022-09-29 17:00:00'),(2115,25,1,'2022-09-30 08:00:00','2022-09-30 17:00:00'),(2116,25,1,'2022-10-03 08:00:00','2022-10-03 17:00:00'),(2117,25,1,'2022-10-04 08:15:00','2022-10-04 17:00:00'),(2118,25,1,'2022-10-05 08:00:00','2022-10-05 17:00:00'),(2119,25,1,'2022-10-06 08:00:00','2022-10-06 17:00:00'),(2120,25,1,'2022-10-07 08:00:00','2022-10-07 17:00:00'),(2121,25,1,'2022-10-10 08:00:00','2022-10-10 17:00:00'),(2122,25,1,'2022-10-11 08:00:00','2022-10-11 17:00:00'),(2123,25,1,'2022-10-12 08:00:00','2022-10-12 17:00:00'),(2124,25,1,'2022-10-13 08:15:00','2022-10-13 17:00:00'),(2125,25,1,'2022-10-14 08:00:00','2022-10-14 17:00:00'),(2126,25,1,'2022-10-17 08:00:00','2022-10-17 17:00:00'),(2127,25,1,'2022-10-18 08:00:00','2022-10-18 17:00:00'),(2128,25,1,'2022-10-19 08:00:00','2022-10-19 17:00:00'),(2129,25,1,'2022-10-20 08:00:00','2022-10-20 17:00:00'),(2130,25,1,'2022-10-21 08:00:00','2022-10-21 17:00:00'),(2131,25,1,'2022-10-24 08:15:00','2022-10-24 17:00:00'),(2132,25,1,'2022-10-25 08:00:00','2022-10-25 17:00:00'),(2133,25,1,'2022-10-26 08:00:00','2022-10-26 17:00:00'),(2134,25,1,'2022-10-27 08:00:00','2022-10-27 17:00:00'),(2135,25,1,'2022-10-28 08:00:00','2022-10-28 17:00:00'),(2136,25,1,'2022-10-31 08:00:00','2022-10-31 17:00:00'),(2137,25,1,'2022-11-01 00:00:00','2022-11-01 00:00:00'),(2138,25,1,'2022-11-02 08:15:00','2022-11-02 17:00:00'),(2139,25,1,'2022-11-03 08:00:00','2022-11-03 17:00:00'),(2140,25,1,'2022-11-04 08:00:00','2022-11-04 17:00:00'),(2141,25,1,'2022-11-07 08:00:00','2022-11-07 17:00:00'),(2142,25,1,'2022-11-08 08:00:00','2022-11-08 17:00:00'),(2143,25,1,'2022-11-09 08:00:00','2022-11-09 17:00:00'),(2144,25,1,'2022-11-10 08:00:00','2022-11-10 17:00:00'),(2145,25,1,'2022-11-11 08:15:00','2022-11-11 17:00:00'),(2146,25,1,'2022-11-14 08:00:00','2022-11-14 17:00:00'),(2147,25,1,'2022-11-15 08:00:00','2022-11-15 17:00:00'),(2148,25,1,'2022-11-16 08:00:00','2022-11-16 17:00:00'),(2149,25,1,'2022-11-17 08:00:00','2022-11-17 17:00:00'),(2150,25,1,'2022-11-18 08:00:00','2022-11-18 17:00:00'),(2151,25,1,'2022-11-21 08:00:00','2022-11-21 17:00:00'),(2152,25,1,'2022-11-22 08:15:00','2022-11-22 17:00:00'),(2153,25,1,'2022-11-23 08:00:00','2022-11-23 17:00:00'),(2154,25,1,'2022-11-24 08:00:00','2022-11-24 17:00:00'),(2155,25,1,'2022-11-25 08:00:00','2022-11-25 17:00:00'),(2156,25,1,'2022-11-28 08:00:00','2022-11-28 17:00:00'),(2157,25,1,'2022-11-29 08:00:00','2022-11-29 17:00:00'),(2158,25,1,'2022-11-30 00:00:00','2022-11-30 00:00:00'),(2159,25,1,'2022-12-01 08:15:00','2022-12-01 17:00:00'),(2160,25,1,'2022-12-02 08:00:00','2022-12-02 17:00:00'),(2161,25,1,'2022-12-05 08:00:00','2022-12-05 17:00:00'),(2162,25,1,'2022-12-06 08:00:00','2022-12-06 17:00:00'),(2163,25,1,'2022-12-07 08:00:00','2022-12-07 17:00:00'),(2164,25,1,'2022-12-08 00:00:00','2022-12-08 00:00:00'),(2165,25,1,'2022-12-09 08:00:00','2022-12-09 17:00:00'),(2166,25,1,'2022-12-12 08:15:00','2022-12-12 17:00:00'),(2167,25,1,'2022-12-13 08:00:00','2022-12-13 17:00:00'),(2168,25,1,'2022-12-14 08:00:00','2022-12-14 17:00:00'),(2169,25,1,'2022-12-15 00:00:00','2022-12-15 00:00:00'),(2170,25,1,'2022-12-16 00:00:00','2022-12-16 00:00:00'),(2171,25,1,'2022-12-19 00:00:00','2022-12-19 00:00:00'),(2172,25,1,'2022-12-20 00:00:00','2022-12-20 00:00:00'),(2173,25,1,'2022-12-21 00:00:00','2022-12-21 00:00:00'),(2174,25,1,'2022-12-22 00:00:00','2022-12-22 00:00:00'),(2175,25,1,'2022-12-23 00:00:00','2022-12-23 00:00:00'),(2176,25,1,'2022-12-26 00:00:00','2022-12-26 00:00:00'),(2177,25,1,'2022-12-27 00:00:00','2022-12-27 00:00:00'),(2178,25,1,'2022-12-28 00:00:00','2022-12-28 00:00:00'),(2179,25,1,'2022-12-29 00:00:00','2022-12-29 00:00:00'),(2180,25,1,'2022-12-30 00:00:00','2022-12-30 00:00:00'),(2181,26,1,'2022-09-01 08:00:00','2022-09-01 17:00:00'),(2182,26,1,'2022-09-02 08:00:00','2022-09-02 17:00:00'),(2183,26,1,'2022-09-05 08:00:00','2022-09-05 17:00:00'),(2184,26,1,'2022-09-06 08:00:00','2022-09-06 17:00:00'),(2185,26,1,'2022-09-07 08:00:00','2022-09-07 17:00:00'),(2186,26,1,'2022-09-08 08:00:00','2022-09-08 17:00:00'),(2187,26,1,'2022-09-09 08:00:00','2022-09-09 17:00:00'),(2188,26,1,'2022-09-12 08:00:00','2022-09-12 17:00:00'),(2189,26,1,'2022-09-13 08:00:00','2022-09-13 17:00:00'),(2190,26,1,'2022-09-14 08:00:00','2022-09-14 17:00:00'),(2191,26,1,'2022-09-15 08:00:00','2022-09-15 17:00:00'),(2192,26,1,'2022-09-16 08:00:00','2022-09-16 17:00:00'),(2193,26,1,'2022-09-19 08:00:00','2022-09-19 17:00:00'),(2194,26,1,'2022-09-20 08:00:00','2022-09-20 17:00:00'),(2195,26,1,'2022-09-21 08:00:00','2022-09-21 17:00:00'),(2196,26,1,'2022-09-22 08:00:00','2022-09-22 17:00:00'),(2197,26,1,'2022-09-23 08:00:00','2022-09-23 17:00:00'),(2198,26,1,'2022-09-26 08:00:00','2022-09-26 17:00:00'),(2199,26,1,'2022-09-27 08:00:00','2022-09-27 17:00:00'),(2200,26,1,'2022-09-28 08:00:00','2022-09-28 17:00:00'),(2201,26,1,'2022-09-29 08:00:00','2022-09-29 17:00:00'),(2202,26,1,'2022-09-30 08:00:00','2022-09-30 17:00:00'),(2203,26,1,'2022-10-03 08:00:00','2022-10-03 17:00:00'),(2204,26,1,'2022-10-04 08:00:00','2022-10-04 17:00:00'),(2205,26,1,'2022-10-05 08:00:00','2022-10-05 17:00:00'),(2206,26,1,'2022-10-06 08:00:00','2022-10-06 17:00:00'),(2207,26,1,'2022-10-07 08:00:00','2022-10-07 17:00:00'),(2208,26,1,'2022-10-10 08:00:00','2022-10-10 17:00:00'),(2209,26,1,'2022-10-11 08:00:00','2022-10-11 17:00:00'),(2210,26,1,'2022-10-12 08:00:00','2022-10-12 17:00:00'),(2211,26,1,'2022-10-13 08:00:00','2022-10-13 17:00:00'),(2212,26,1,'2022-10-14 08:00:00','2022-10-14 17:00:00'),(2213,26,1,'2022-10-17 08:00:00','2022-10-17 17:00:00'),(2214,26,1,'2022-10-18 08:00:00','2022-10-18 17:00:00'),(2215,26,1,'2022-10-19 08:00:00','2022-10-19 17:00:00'),(2216,26,1,'2022-10-20 08:00:00','2022-10-20 17:00:00'),(2217,26,1,'2022-10-21 08:00:00','2022-10-21 17:00:00'),(2218,26,1,'2022-10-24 08:00:00','2022-10-24 17:00:00'),(2219,26,1,'2022-10-25 08:00:00','2022-10-25 17:00:00'),(2220,26,1,'2022-10-26 08:00:00','2022-10-26 17:00:00'),(2221,26,1,'2022-10-27 08:00:00','2022-10-27 17:00:00'),(2222,26,1,'2022-10-28 08:00:00','2022-10-28 17:00:00'),(2223,26,1,'2022-10-31 08:00:00','2022-10-31 17:00:00'),(2224,26,1,'2022-11-01 00:00:00','2022-11-01 00:00:00'),(2225,26,1,'2022-11-02 08:00:00','2022-11-02 17:00:00'),(2226,26,1,'2022-11-03 08:00:00','2022-11-03 17:00:00'),(2227,26,1,'2022-11-04 08:00:00','2022-11-04 17:00:00'),(2228,26,1,'2022-11-07 08:00:00','2022-11-07 17:00:00'),(2229,26,1,'2022-11-08 08:00:00','2022-11-08 17:00:00'),(2230,26,1,'2022-11-09 08:00:00','2022-11-09 17:00:00'),(2231,26,1,'2022-11-10 08:00:00','2022-11-10 17:00:00'),(2232,26,1,'2022-11-11 08:00:00','2022-11-11 17:00:00'),(2233,26,1,'2022-11-14 08:00:00','2022-11-14 17:00:00'),(2234,26,1,'2022-11-15 08:00:00','2022-11-15 17:00:00'),(2235,26,1,'2022-11-16 08:00:00','2022-11-16 17:00:00'),(2236,26,1,'2022-11-17 08:00:00','2022-11-17 17:00:00'),(2237,26,1,'2022-11-18 08:00:00','2022-11-18 17:00:00'),(2238,26,1,'2022-11-21 08:00:00','2022-11-21 17:00:00'),(2239,26,1,'2022-11-22 08:00:00','2022-11-22 17:00:00'),(2240,26,1,'2022-11-23 08:00:00','2022-11-23 17:00:00'),(2241,26,1,'2022-11-24 08:00:00','2022-11-24 17:00:00'),(2242,26,1,'2022-11-25 08:00:00','2022-11-25 17:00:00'),(2243,26,1,'2022-11-28 08:00:00','2022-11-28 17:00:00'),(2244,26,1,'2022-11-29 08:00:00','2022-11-29 17:00:00'),(2245,26,1,'2022-11-30 00:00:00','2022-11-30 00:00:00'),(2246,26,1,'2022-12-01 08:00:00','2022-12-01 17:00:00'),(2247,26,1,'2022-12-02 08:00:00','2022-12-02 17:00:00'),(2248,26,1,'2022-12-05 08:00:00','2022-12-05 17:00:00'),(2249,26,1,'2022-12-06 08:00:00','2022-12-06 17:00:00'),(2250,26,1,'2022-12-07 08:00:00','2022-12-07 17:00:00'),(2251,26,1,'2022-12-08 00:00:00','2022-12-08 00:00:00'),(2252,26,1,'2022-12-09 08:00:00','2022-12-09 17:00:00'),(2253,26,1,'2022-12-12 08:00:00','2022-12-12 17:00:00'),(2254,26,1,'2022-12-13 08:00:00','2022-12-13 17:00:00'),(2255,26,1,'2022-12-14 08:00:00','2022-12-14 17:00:00'),(2256,26,1,'2022-12-15 00:00:00','2022-12-15 00:00:00'),(2257,26,1,'2022-12-16 00:00:00','2022-12-16 00:00:00'),(2258,26,1,'2022-12-19 00:00:00','2022-12-19 00:00:00'),(2259,26,1,'2022-12-20 00:00:00','2022-12-20 00:00:00'),(2260,26,1,'2022-12-21 00:00:00','2022-12-21 00:00:00'),(2261,26,1,'2022-12-22 00:00:00','2022-12-22 00:00:00'),(2262,26,1,'2022-12-23 00:00:00','2022-12-23 00:00:00'),(2263,26,1,'2022-12-26 00:00:00','2022-12-26 00:00:00'),(2264,26,1,'2022-12-27 00:00:00','2022-12-27 00:00:00'),(2265,26,1,'2022-12-28 00:00:00','2022-12-28 00:00:00'),(2266,26,1,'2022-12-29 00:00:00','2022-12-29 00:00:00'),(2267,26,1,'2022-12-30 00:00:00','2022-12-30 00:00:00'),(2268,27,1,'2022-09-01 08:27:00','2022-09-01 17:00:00'),(2269,27,1,'2022-09-02 08:00:00','2022-09-02 17:00:00'),(2270,27,1,'2022-09-05 08:00:00','2022-09-05 17:00:00'),(2271,27,1,'2022-09-06 08:00:00','2022-09-06 17:00:00'),(2272,27,1,'2022-09-07 08:00:00','2022-09-07 17:00:00'),(2273,27,1,'2022-09-08 08:00:00','2022-09-08 17:00:00'),(2274,27,1,'2022-09-09 08:00:00','2022-09-09 17:00:00'),(2275,27,1,'2022-09-12 08:27:00','2022-09-12 17:00:00'),(2276,27,1,'2022-09-13 08:00:00','2022-09-13 17:00:00'),(2277,27,1,'2022-09-14 08:00:00','2022-09-14 17:00:00'),(2278,27,1,'2022-09-15 08:00:00','2022-09-15 17:00:00'),(2279,27,1,'2022-09-16 08:00:00','2022-09-16 17:00:00'),(2280,27,1,'2022-09-19 08:00:00','2022-09-19 17:00:00'),(2281,27,1,'2022-09-20 08:00:00','2022-09-20 17:00:00'),(2282,27,1,'2022-09-21 08:27:00','2022-09-21 17:00:00'),(2283,27,1,'2022-09-22 08:00:00','2022-09-22 17:00:00'),(2284,27,1,'2022-09-23 08:00:00','2022-09-23 17:00:00'),(2285,27,1,'2022-09-26 08:00:00','2022-09-26 17:00:00'),(2286,27,1,'2022-09-27 08:00:00','2022-09-27 17:00:00'),(2287,27,1,'2022-09-28 08:00:00','2022-09-28 17:00:00'),(2288,27,1,'2022-09-29 08:00:00','2022-09-29 17:00:00'),(2289,27,1,'2022-09-30 08:27:00','2022-09-30 17:00:00'),(2290,27,1,'2022-10-03 08:00:00','2022-10-03 17:00:00'),(2291,27,1,'2022-10-04 08:00:00','2022-10-04 17:00:00'),(2292,27,1,'2022-10-05 08:00:00','2022-10-05 17:00:00'),(2293,27,1,'2022-10-06 08:00:00','2022-10-06 17:00:00'),(2294,27,1,'2022-10-07 08:00:00','2022-10-07 17:00:00'),(2295,27,1,'2022-10-10 08:00:00','2022-10-10 17:00:00'),(2296,27,1,'2022-10-11 08:27:00','2022-10-11 17:00:00'),(2297,27,1,'2022-10-12 08:00:00','2022-10-12 17:00:00'),(2298,27,1,'2022-10-13 08:00:00','2022-10-13 17:00:00'),(2299,27,1,'2022-10-14 08:00:00','2022-10-14 17:00:00'),(2300,27,1,'2022-10-17 08:00:00','2022-10-17 17:00:00'),(2301,27,1,'2022-10-18 08:00:00','2022-10-18 17:00:00'),(2302,27,1,'2022-10-19 08:00:00','2022-10-19 17:00:00'),(2303,27,1,'2022-10-20 08:27:00','2022-10-20 17:00:00'),(2304,27,1,'2022-10-21 08:00:00','2022-10-21 17:00:00'),(2305,27,1,'2022-10-24 08:00:00','2022-10-24 17:00:00'),(2306,27,1,'2022-10-25 08:00:00','2022-10-25 17:00:00'),(2307,27,1,'2022-10-26 08:00:00','2022-10-26 17:00:00'),(2308,27,1,'2022-10-27 08:00:00','2022-10-27 17:00:00'),(2309,27,1,'2022-10-28 08:00:00','2022-10-28 17:00:00'),(2310,27,1,'2022-10-31 08:27:00','2022-10-31 17:00:00'),(2311,27,1,'2022-11-01 00:00:00','2022-11-01 00:00:00'),(2312,27,1,'2022-11-02 08:00:00','2022-11-02 17:00:00'),(2313,27,1,'2022-11-03 08:00:00','2022-11-03 17:00:00'),(2314,27,1,'2022-11-04 08:00:00','2022-11-04 17:00:00'),(2315,27,1,'2022-11-07 08:00:00','2022-11-07 17:00:00'),(2316,27,1,'2022-11-08 08:00:00','2022-11-08 17:00:00'),(2317,27,1,'2022-11-09 08:27:00','2022-11-09 17:00:00'),(2318,27,1,'2022-11-10 08:00:00','2022-11-10 17:00:00'),(2319,27,1,'2022-11-11 08:00:00','2022-11-11 17:00:00'),(2320,27,1,'2022-11-14 08:00:00','2022-11-14 17:00:00'),(2321,27,1,'2022-11-15 08:00:00','2022-11-15 17:00:00'),(2322,27,1,'2022-11-16 08:00:00','2022-11-16 17:00:00'),(2323,27,1,'2022-11-17 08:00:00','2022-11-17 17:00:00'),(2324,27,1,'2022-11-18 08:27:00','2022-11-18 17:00:00'),(2325,27,1,'2022-11-21 08:00:00','2022-11-21 17:00:00'),(2326,27,1,'2022-11-22 08:00:00','2022-11-22 17:00:00'),(2327,27,1,'2022-11-23 08:00:00','2022-11-23 17:00:00'),(2328,27,1,'2022-11-24 08:00:00','2022-11-24 17:00:00'),(2329,27,1,'2022-11-25 08:00:00','2022-11-25 17:00:00'),(2330,27,1,'2022-11-28 08:00:00','2022-11-28 17:00:00'),(2331,27,1,'2022-11-29 08:27:00','2022-11-29 17:00:00'),(2332,27,1,'2022-11-30 00:00:00','2022-11-30 00:00:00'),(2333,27,1,'2022-12-01 08:00:00','2022-12-01 17:00:00'),(2334,27,1,'2022-12-02 08:00:00','2022-12-02 17:00:00'),(2335,27,1,'2022-12-05 08:00:00','2022-12-05 17:00:00'),(2336,27,1,'2022-12-06 08:00:00','2022-12-06 17:00:00'),(2337,27,1,'2022-12-07 08:00:00','2022-12-07 17:00:00'),(2338,27,1,'2022-12-08 00:00:00','2022-12-08 00:00:00'),(2339,27,1,'2022-12-09 08:00:00','2022-12-09 17:00:00'),(2340,27,1,'2022-12-12 08:00:00','2022-12-12 17:00:00'),(2341,27,1,'2022-12-13 08:00:00','2022-12-13 17:00:00'),(2342,27,1,'2022-12-14 08:00:00','2022-12-14 17:00:00'),(2343,27,1,'2022-12-15 08:00:00','2022-12-15 17:00:00'),(2344,27,1,'2022-12-16 08:00:00','2022-12-16 17:00:00'),(2345,27,1,'2022-12-19 08:27:00','2022-12-19 17:00:00'),(2346,27,1,'2022-12-20 08:00:00','2022-12-20 17:00:00'),(2347,27,1,'2022-12-21 08:00:00','2022-12-21 17:00:00'),(2348,27,1,'2022-12-22 08:00:00','2022-12-22 17:00:00'),(2349,27,1,'2022-12-23 08:00:00','2022-12-23 17:00:00'),(2350,27,1,'2022-12-26 08:00:00','2022-12-26 17:00:00'),(2351,27,1,'2022-12-27 08:00:00','2022-12-27 17:00:00'),(2352,27,1,'2022-12-28 08:27:00','2022-12-28 17:00:00'),(2353,27,1,'2022-12-29 08:00:00','2022-12-29 17:00:00'),(2354,27,1,'2022-12-30 08:00:00','2022-12-30 17:00:00'),(2355,28,1,'2022-09-01 08:27:00','2022-09-01 17:00:00'),(2356,28,1,'2022-09-02 08:00:00','2022-09-02 17:00:00'),(2357,28,1,'2022-09-05 08:00:00','2022-09-05 17:00:00'),(2358,28,1,'2022-09-06 08:00:00','2022-09-06 17:00:00'),(2359,28,1,'2022-09-07 08:00:00','2022-09-07 17:00:00'),(2360,28,1,'2022-09-08 08:00:00','2022-09-08 17:00:00'),(2361,28,1,'2022-09-09 08:00:00','2022-09-09 17:00:00'),(2362,28,1,'2022-09-12 08:27:00','2022-09-12 17:00:00'),(2363,28,1,'2022-09-13 08:00:00','2022-09-13 17:00:00'),(2364,28,1,'2022-09-14 08:00:00','2022-09-14 17:00:00'),(2365,28,1,'2022-09-15 08:00:00','2022-09-15 17:00:00'),(2366,28,1,'2022-09-16 08:00:00','2022-09-16 17:00:00'),(2367,28,1,'2022-09-19 08:00:00','2022-09-19 17:00:00'),(2368,28,1,'2022-09-20 08:00:00','2022-09-20 17:00:00'),(2369,28,1,'2022-09-21 08:27:00','2022-09-21 17:00:00'),(2370,28,1,'2022-09-22 08:00:00','2022-09-22 17:00:00'),(2371,28,1,'2022-09-23 08:00:00','2022-09-23 17:00:00'),(2372,28,1,'2022-09-26 08:00:00','2022-09-26 17:00:00'),(2373,28,1,'2022-09-27 08:00:00','2022-09-27 17:00:00'),(2374,28,1,'2022-09-28 08:00:00','2022-09-28 17:00:00'),(2375,28,1,'2022-09-29 08:00:00','2022-09-29 17:00:00'),(2376,28,1,'2022-09-30 08:27:00','2022-09-30 17:00:00'),(2377,28,1,'2022-10-03 08:00:00','2022-10-03 17:00:00'),(2378,28,1,'2022-10-04 08:00:00','2022-10-04 17:00:00'),(2379,28,1,'2022-10-05 08:00:00','2022-10-05 17:00:00'),(2380,28,1,'2022-10-06 08:00:00','2022-10-06 17:00:00'),(2381,28,1,'2022-10-07 08:00:00','2022-10-07 17:00:00'),(2382,28,1,'2022-10-10 08:00:00','2022-10-10 17:00:00'),(2383,28,1,'2022-10-11 08:27:00','2022-10-11 17:00:00'),(2384,28,1,'2022-10-12 08:00:00','2022-10-12 17:00:00'),(2385,28,1,'2022-10-13 08:00:00','2022-10-13 17:00:00'),(2386,28,1,'2022-10-14 08:00:00','2022-10-14 17:00:00'),(2387,28,1,'2022-10-17 08:00:00','2022-10-17 17:00:00'),(2388,28,1,'2022-10-18 08:00:00','2022-10-18 17:00:00'),(2389,28,1,'2022-10-19 08:00:00','2022-10-19 17:00:00'),(2390,28,1,'2022-10-20 08:27:00','2022-10-20 17:00:00'),(2391,28,1,'2022-10-21 08:00:00','2022-10-21 17:00:00'),(2392,28,1,'2022-10-24 08:00:00','2022-10-24 17:00:00'),(2393,28,1,'2022-10-25 08:00:00','2022-10-25 17:00:00'),(2394,28,1,'2022-10-26 08:00:00','2022-10-26 17:00:00'),(2395,28,1,'2022-10-27 08:00:00','2022-10-27 17:00:00'),(2396,28,1,'2022-10-28 08:00:00','2022-10-28 17:00:00'),(2397,28,1,'2022-10-31 08:27:00','2022-10-31 17:00:00'),(2398,28,1,'2022-11-01 00:00:00','2022-11-01 00:00:00'),(2399,28,1,'2022-11-02 08:00:00','2022-11-02 17:00:00'),(2400,28,1,'2022-11-03 08:00:00','2022-11-03 17:00:00'),(2401,28,1,'2022-11-04 08:00:00','2022-11-04 17:00:00'),(2402,28,1,'2022-11-07 08:00:00','2022-11-07 17:00:00'),(2403,28,1,'2022-11-08 08:00:00','2022-11-08 17:00:00'),(2404,28,1,'2022-11-09 08:27:00','2022-11-09 17:00:00'),(2405,28,1,'2022-11-10 08:00:00','2022-11-10 17:00:00'),(2406,28,1,'2022-11-11 08:00:00','2022-11-11 17:00:00'),(2407,28,1,'2022-11-14 08:00:00','2022-11-14 17:00:00'),(2408,28,1,'2022-11-15 08:00:00','2022-11-15 17:00:00'),(2409,28,1,'2022-11-16 08:00:00','2022-11-16 17:00:00'),(2410,28,1,'2022-11-17 08:00:00','2022-11-17 17:00:00'),(2411,28,1,'2022-11-18 08:27:00','2022-11-18 17:00:00'),(2412,28,1,'2022-11-21 08:00:00','2022-11-21 17:00:00'),(2413,28,1,'2022-11-22 08:00:00','2022-11-22 17:00:00'),(2414,28,1,'2022-11-23 08:00:00','2022-11-23 17:00:00'),(2415,28,1,'2022-11-24 08:00:00','2022-11-24 17:00:00'),(2416,28,1,'2022-11-25 08:00:00','2022-11-25 17:00:00'),(2417,28,1,'2022-11-28 08:00:00','2022-11-28 17:00:00'),(2418,28,1,'2022-11-29 08:27:00','2022-11-29 17:00:00'),(2419,28,1,'2022-11-30 00:00:00','2022-11-30 00:00:00'),(2420,28,1,'2022-12-01 08:00:00','2022-12-01 17:00:00'),(2421,28,1,'2022-12-02 08:00:00','2022-12-02 17:00:00'),(2422,28,1,'2022-12-05 08:00:00','2022-12-05 17:00:00'),(2423,28,1,'2022-12-06 08:00:00','2022-12-06 17:00:00'),(2424,28,1,'2022-12-07 08:00:00','2022-12-07 17:00:00'),(2425,28,1,'2022-12-08 00:00:00','2022-12-08 00:00:00'),(2426,28,1,'2022-12-09 08:00:00','2022-12-09 17:00:00'),(2427,28,1,'2022-12-12 08:00:00','2022-12-12 17:00:00'),(2428,28,1,'2022-12-13 08:00:00','2022-12-13 17:00:00'),(2429,28,1,'2022-12-14 08:00:00','2022-12-14 17:00:00'),(2430,28,1,'2022-12-15 08:00:00','2022-12-15 17:00:00'),(2431,28,1,'2022-12-16 08:00:00','2022-12-16 17:00:00'),(2432,28,1,'2022-12-19 08:27:00','2022-12-19 17:00:00'),(2433,28,1,'2022-12-20 08:00:00','2022-12-20 17:00:00'),(2434,28,1,'2022-12-21 08:00:00','2022-12-21 17:00:00'),(2435,28,1,'2022-12-22 08:00:00','2022-12-22 17:00:00'),(2436,28,1,'2022-12-23 08:00:00','2022-12-23 17:00:00'),(2437,28,1,'2022-12-26 08:00:00','2022-12-26 17:00:00'),(2438,28,1,'2022-12-27 08:00:00','2022-12-27 17:00:00'),(2439,28,1,'2022-12-28 08:27:00','2022-12-28 17:00:00'),(2440,28,1,'2022-12-29 08:00:00','2022-12-29 17:00:00'),(2441,28,1,'2022-12-30 08:00:00','2022-12-30 17:00:00'),(2442,29,1,'2022-09-01 08:27:00','2022-09-01 17:00:00'),(2443,29,1,'2022-09-02 08:00:00','2022-09-02 17:00:00'),(2444,29,1,'2022-09-05 08:00:00','2022-09-05 17:00:00'),(2445,29,1,'2022-09-06 08:00:00','2022-09-06 17:00:00'),(2446,29,1,'2022-09-07 08:00:00','2022-09-07 17:00:00'),(2447,29,1,'2022-09-08 08:00:00','2022-09-08 17:00:00'),(2448,29,1,'2022-09-09 08:00:00','2022-09-09 17:00:00'),(2449,29,1,'2022-09-12 08:27:00','2022-09-12 17:00:00'),(2450,29,1,'2022-09-13 08:00:00','2022-09-13 17:00:00'),(2451,29,1,'2022-09-14 08:00:00','2022-09-14 17:00:00'),(2452,29,1,'2022-09-15 08:00:00','2022-09-15 17:00:00'),(2453,29,1,'2022-09-16 08:00:00','2022-09-16 17:00:00'),(2454,29,1,'2022-09-19 08:00:00','2022-09-19 17:00:00'),(2455,29,1,'2022-09-20 08:00:00','2022-09-20 17:00:00'),(2456,29,1,'2022-09-21 08:27:00','2022-09-21 17:00:00'),(2457,29,1,'2022-09-22 08:00:00','2022-09-22 17:00:00'),(2458,29,1,'2022-09-23 08:00:00','2022-09-23 17:00:00'),(2459,29,1,'2022-09-26 08:00:00','2022-09-26 17:00:00'),(2460,29,1,'2022-09-27 08:00:00','2022-09-27 17:00:00'),(2461,29,1,'2022-09-28 08:00:00','2022-09-28 17:00:00'),(2462,29,1,'2022-09-29 08:00:00','2022-09-29 17:00:00'),(2463,29,1,'2022-09-30 08:27:00','2022-09-30 17:00:00'),(2464,29,1,'2022-10-03 08:00:00','2022-10-03 17:00:00'),(2465,29,1,'2022-10-04 08:00:00','2022-10-04 17:00:00'),(2466,29,1,'2022-10-05 08:00:00','2022-10-05 17:00:00'),(2467,29,1,'2022-10-06 08:00:00','2022-10-06 17:00:00'),(2468,29,1,'2022-10-07 08:00:00','2022-10-07 17:00:00'),(2469,29,1,'2022-10-10 08:00:00','2022-10-10 17:00:00'),(2470,29,1,'2022-10-11 08:27:00','2022-10-11 17:00:00'),(2471,29,1,'2022-10-12 08:00:00','2022-10-12 17:00:00'),(2472,29,1,'2022-10-13 08:00:00','2022-10-13 17:00:00'),(2473,29,1,'2022-10-14 08:00:00','2022-10-14 17:00:00'),(2474,29,1,'2022-10-17 08:00:00','2022-10-17 17:00:00'),(2475,29,1,'2022-10-18 08:00:00','2022-10-18 17:00:00'),(2476,29,1,'2022-10-19 08:00:00','2022-10-19 17:00:00'),(2477,29,1,'2022-10-20 08:27:00','2022-10-20 17:00:00'),(2478,29,1,'2022-10-21 08:00:00','2022-10-21 17:00:00'),(2479,29,1,'2022-10-24 08:00:00','2022-10-24 17:00:00'),(2480,29,1,'2022-10-25 08:00:00','2022-10-25 17:00:00'),(2481,29,1,'2022-10-26 08:00:00','2022-10-26 17:00:00'),(2482,29,1,'2022-10-27 08:00:00','2022-10-27 17:00:00'),(2483,29,1,'2022-10-28 08:00:00','2022-10-28 17:00:00'),(2484,29,1,'2022-10-31 08:27:00','2022-10-31 17:00:00'),(2485,29,1,'2022-11-01 00:00:00','2022-11-01 00:00:00'),(2486,29,1,'2022-11-02 08:00:00','2022-11-02 17:00:00'),(2487,29,1,'2022-11-03 08:00:00','2022-11-03 17:00:00'),(2488,29,1,'2022-11-04 08:00:00','2022-11-04 17:00:00'),(2489,29,1,'2022-11-07 08:00:00','2022-11-07 17:00:00'),(2490,29,1,'2022-11-08 08:00:00','2022-11-08 17:00:00'),(2491,29,1,'2022-11-09 08:27:00','2022-11-09 17:00:00'),(2492,29,1,'2022-11-10 08:00:00','2022-11-10 17:00:00'),(2493,29,1,'2022-11-11 08:00:00','2022-11-11 17:00:00'),(2494,29,1,'2022-11-14 08:00:00','2022-11-14 17:00:00'),(2495,29,1,'2022-11-15 08:00:00','2022-11-15 17:00:00'),(2496,29,1,'2022-11-16 08:00:00','2022-11-16 17:00:00'),(2497,29,1,'2022-11-17 08:00:00','2022-11-17 17:00:00'),(2498,29,1,'2022-11-18 08:27:00','2022-11-18 17:00:00'),(2499,29,1,'2022-11-21 08:00:00','2022-11-21 17:00:00'),(2500,29,1,'2022-11-22 08:00:00','2022-11-22 17:00:00'),(2501,29,1,'2022-11-23 08:00:00','2022-11-23 17:00:00'),(2502,29,1,'2022-11-24 08:00:00','2022-11-24 17:00:00'),(2503,29,1,'2022-11-25 08:00:00','2022-11-25 17:00:00'),(2504,29,1,'2022-11-28 08:00:00','2022-11-28 17:00:00'),(2505,29,1,'2022-11-29 08:27:00','2022-11-29 17:00:00'),(2506,29,1,'2022-11-30 00:00:00','2022-11-30 00:00:00'),(2507,29,1,'2022-12-01 08:00:00','2022-12-01 17:00:00'),(2508,29,1,'2022-12-02 08:00:00','2022-12-02 17:00:00'),(2509,29,1,'2022-12-05 08:00:00','2022-12-05 17:00:00'),(2510,29,1,'2022-12-06 08:00:00','2022-12-06 17:00:00'),(2511,29,1,'2022-12-07 08:00:00','2022-12-07 17:00:00'),(2512,29,1,'2022-12-08 00:00:00','2022-12-08 00:00:00'),(2513,29,1,'2022-12-09 08:00:00','2022-12-09 17:00:00'),(2514,29,1,'2022-12-12 08:00:00','2022-12-12 17:00:00'),(2515,29,1,'2022-12-13 08:00:00','2022-12-13 17:00:00'),(2516,29,1,'2022-12-14 08:00:00','2022-12-14 17:00:00'),(2517,29,1,'2022-12-15 08:00:00','2022-12-15 17:00:00'),(2518,29,1,'2022-12-16 08:00:00','2022-12-16 17:00:00'),(2519,29,1,'2022-12-19 08:27:00','2022-12-19 17:00:00'),(2520,29,1,'2022-12-20 08:00:00','2022-12-20 17:00:00'),(2521,29,1,'2022-12-21 08:00:00','2022-12-21 17:00:00'),(2522,29,1,'2022-12-22 08:00:00','2022-12-22 17:00:00'),(2523,29,1,'2022-12-23 08:00:00','2022-12-23 17:00:00'),(2524,29,1,'2022-12-26 08:00:00','2022-12-26 17:00:00'),(2525,29,1,'2022-12-27 08:00:00','2022-12-27 17:00:00'),(2526,29,1,'2022-12-28 08:27:00','2022-12-28 17:00:00'),(2527,29,1,'2022-12-29 08:00:00','2022-12-29 17:00:00'),(2528,29,1,'2022-12-30 08:00:00','2022-12-30 17:00:00'),(2529,30,1,'2022-09-01 08:27:00','2022-09-01 17:00:00'),(2530,30,1,'2022-09-02 08:00:00','2022-09-02 17:00:00'),(2531,30,1,'2022-09-05 08:00:00','2022-09-05 17:00:00'),(2532,30,1,'2022-09-06 08:00:00','2022-09-06 17:00:00'),(2533,30,1,'2022-09-07 08:00:00','2022-09-07 17:00:00'),(2534,30,1,'2022-09-08 08:00:00','2022-09-08 17:00:00'),(2535,30,1,'2022-09-09 08:00:00','2022-09-09 17:00:00'),(2536,30,1,'2022-09-12 08:27:00','2022-09-12 17:00:00'),(2537,30,1,'2022-09-13 08:00:00','2022-09-13 17:00:00'),(2538,30,1,'2022-09-14 08:00:00','2022-09-14 17:00:00'),(2539,30,1,'2022-09-15 08:00:00','2022-09-15 17:00:00'),(2540,30,1,'2022-09-16 08:00:00','2022-09-16 17:00:00'),(2541,30,1,'2022-09-19 08:00:00','2022-09-19 17:00:00'),(2542,30,1,'2022-09-20 08:00:00','2022-09-20 17:00:00'),(2543,30,1,'2022-09-21 08:27:00','2022-09-21 17:00:00'),(2544,30,1,'2022-09-22 08:00:00','2022-09-22 17:00:00'),(2545,30,1,'2022-09-23 08:00:00','2022-09-23 17:00:00'),(2546,30,1,'2022-09-26 08:00:00','2022-09-26 17:00:00'),(2547,30,1,'2022-09-27 08:00:00','2022-09-27 17:00:00'),(2548,30,1,'2022-09-28 08:00:00','2022-09-28 17:00:00'),(2549,30,1,'2022-09-29 08:00:00','2022-09-29 17:00:00'),(2550,30,1,'2022-09-30 08:27:00','2022-09-30 17:00:00'),(2551,30,1,'2022-10-03 08:00:00','2022-10-03 17:00:00'),(2552,30,1,'2022-10-04 08:00:00','2022-10-04 17:00:00'),(2553,30,1,'2022-10-05 08:00:00','2022-10-05 17:00:00'),(2554,30,1,'2022-10-06 08:00:00','2022-10-06 17:00:00'),(2555,30,1,'2022-10-07 08:00:00','2022-10-07 17:00:00'),(2556,30,1,'2022-10-10 08:00:00','2022-10-10 17:00:00'),(2557,30,1,'2022-10-11 08:27:00','2022-10-11 17:00:00'),(2558,30,1,'2022-10-12 08:00:00','2022-10-12 17:00:00'),(2559,30,1,'2022-10-13 08:00:00','2022-10-13 17:00:00'),(2560,30,1,'2022-10-14 08:00:00','2022-10-14 17:00:00'),(2561,30,1,'2022-10-17 08:00:00','2022-10-17 17:00:00'),(2562,30,1,'2022-10-18 08:00:00','2022-10-18 17:00:00'),(2563,30,1,'2022-10-19 08:00:00','2022-10-19 17:00:00'),(2564,30,1,'2022-10-20 08:27:00','2022-10-20 17:00:00'),(2565,30,1,'2022-10-21 08:00:00','2022-10-21 17:00:00'),(2566,30,1,'2022-10-24 08:00:00','2022-10-24 17:00:00'),(2567,30,1,'2022-10-25 08:00:00','2022-10-25 17:00:00'),(2568,30,1,'2022-10-26 08:00:00','2022-10-26 17:00:00'),(2569,30,1,'2022-10-27 08:00:00','2022-10-27 17:00:00'),(2570,30,1,'2022-10-28 08:00:00','2022-10-28 17:00:00'),(2571,30,1,'2022-10-31 08:27:00','2022-10-31 17:00:00'),(2572,30,1,'2022-11-01 00:00:00','2022-11-01 00:00:00'),(2573,30,1,'2022-11-02 08:00:00','2022-11-02 17:00:00'),(2574,30,1,'2022-11-03 08:00:00','2022-11-03 17:00:00'),(2575,30,1,'2022-11-04 08:00:00','2022-11-04 17:00:00'),(2576,30,1,'2022-11-07 08:00:00','2022-11-07 17:00:00'),(2577,30,1,'2022-11-08 08:00:00','2022-11-08 17:00:00'),(2578,30,1,'2022-11-09 08:27:00','2022-11-09 17:00:00'),(2579,30,1,'2022-11-10 08:00:00','2022-11-10 17:00:00'),(2580,30,1,'2022-11-11 08:00:00','2022-11-11 17:00:00'),(2581,30,1,'2022-11-14 08:00:00','2022-11-14 17:00:00'),(2582,30,1,'2022-11-15 08:00:00','2022-11-15 17:00:00'),(2583,30,1,'2022-11-16 08:00:00','2022-11-16 17:00:00'),(2584,30,1,'2022-11-17 08:00:00','2022-11-17 17:00:00'),(2585,30,1,'2022-11-18 08:27:00','2022-11-18 17:00:00'),(2586,30,1,'2022-11-21 08:00:00','2022-11-21 17:00:00'),(2587,30,1,'2022-11-22 08:00:00','2022-11-22 17:00:00'),(2588,30,1,'2022-11-23 08:00:00','2022-11-23 17:00:00'),(2589,30,1,'2022-11-24 08:00:00','2022-11-24 17:00:00'),(2590,30,1,'2022-11-25 08:00:00','2022-11-25 17:00:00'),(2591,30,1,'2022-11-28 08:00:00','2022-11-28 17:00:00'),(2592,30,1,'2022-11-29 08:27:00','2022-11-29 17:00:00'),(2593,30,1,'2022-11-30 00:00:00','2022-11-30 00:00:00'),(2594,30,1,'2022-12-01 08:00:00','2022-12-01 17:00:00'),(2595,30,1,'2022-12-02 08:00:00','2022-12-02 17:00:00'),(2596,30,1,'2022-12-05 08:00:00','2022-12-05 17:00:00'),(2597,30,1,'2022-12-06 08:00:00','2022-12-06 17:00:00'),(2598,30,1,'2022-12-07 08:00:00','2022-12-07 17:00:00'),(2599,30,1,'2022-12-08 00:00:00','2022-12-08 00:00:00'),(2600,30,1,'2022-12-09 08:00:00','2022-12-09 17:00:00'),(2601,30,1,'2022-12-12 08:00:00','2022-12-12 17:00:00'),(2602,30,1,'2022-12-13 08:00:00','2022-12-13 17:00:00'),(2603,30,1,'2022-12-14 08:00:00','2022-12-14 17:00:00'),(2604,30,1,'2022-12-15 08:00:00','2022-12-15 17:00:00'),(2605,30,1,'2022-12-16 08:00:00','2022-12-16 17:00:00'),(2606,30,1,'2022-12-19 08:27:00','2022-12-19 17:00:00'),(2607,30,1,'2022-12-20 08:00:00','2022-12-20 17:00:00'),(2608,30,1,'2022-12-21 08:00:00','2022-12-21 17:00:00'),(2609,30,1,'2022-12-22 08:00:00','2022-12-22 17:00:00'),(2610,30,1,'2022-12-23 08:00:00','2022-12-23 17:00:00'),(2611,30,1,'2022-12-26 08:00:00','2022-12-26 17:00:00'),(2612,30,1,'2022-12-27 08:00:00','2022-12-27 17:00:00'),(2613,30,1,'2022-12-28 08:27:00','2022-12-28 17:00:00'),(2614,30,1,'2022-12-29 08:00:00','2022-12-29 17:00:00'),(2615,30,1,'2022-12-30 08:00:00','2022-12-30 17:00:00'),(2616,31,1,'2022-09-01 08:00:00','2022-09-01 17:00:00'),(2617,31,1,'2022-09-02 08:00:00','2022-09-02 17:00:00'),(2618,31,1,'2022-09-05 08:00:00','2022-09-05 17:00:00'),(2619,31,1,'2022-09-06 08:00:00','2022-09-06 17:00:00'),(2620,31,1,'2022-09-07 08:00:00','2022-09-07 17:00:00'),(2621,31,1,'2022-09-08 08:00:00','2022-09-08 17:00:00'),(2622,31,1,'2022-09-09 08:00:00','2022-09-09 17:00:00'),(2623,31,1,'2022-09-12 08:00:00','2022-09-12 17:00:00'),(2624,31,1,'2022-09-13 08:00:00','2022-09-13 17:00:00'),(2625,31,1,'2022-09-14 08:00:00','2022-09-14 17:00:00'),(2626,31,1,'2022-09-15 08:00:00','2022-09-15 17:00:00'),(2627,31,1,'2022-09-16 08:00:00','2022-09-16 17:00:00'),(2628,31,1,'2022-09-19 08:00:00','2022-09-19 17:00:00'),(2629,31,1,'2022-09-20 08:00:00','2022-09-20 17:00:00'),(2630,31,1,'2022-09-21 08:00:00','2022-09-21 17:00:00'),(2631,31,1,'2022-09-22 08:00:00','2022-09-22 17:00:00'),(2632,31,1,'2022-09-23 08:00:00','2022-09-23 17:00:00'),(2633,31,1,'2022-09-26 08:00:00','2022-09-26 17:00:00'),(2634,31,1,'2022-09-27 08:00:00','2022-09-27 17:00:00'),(2635,31,1,'2022-09-28 08:00:00','2022-09-28 17:00:00'),(2636,31,1,'2022-09-29 08:00:00','2022-09-29 17:00:00'),(2637,31,1,'2022-09-30 08:00:00','2022-09-30 17:00:00'),(2638,31,1,'2022-10-03 08:00:00','2022-10-03 17:00:00'),(2639,31,1,'2022-10-04 08:00:00','2022-10-04 17:00:00'),(2640,31,1,'2022-10-05 08:00:00','2022-10-05 17:00:00'),(2641,31,1,'2022-10-06 08:00:00','2022-10-06 17:00:00'),(2642,31,1,'2022-10-07 08:00:00','2022-10-07 17:00:00'),(2643,31,1,'2022-10-10 08:00:00','2022-10-10 17:00:00'),(2644,31,1,'2022-10-11 08:00:00','2022-10-11 17:00:00'),(2645,31,1,'2022-10-12 08:00:00','2022-10-12 17:00:00'),(2646,31,1,'2022-10-13 08:00:00','2022-10-13 17:00:00'),(2647,31,1,'2022-10-14 08:00:00','2022-10-14 17:00:00'),(2648,31,1,'2022-10-17 08:00:00','2022-10-17 17:00:00'),(2649,31,1,'2022-10-18 08:00:00','2022-10-18 17:00:00'),(2650,31,1,'2022-10-19 08:00:00','2022-10-19 17:00:00'),(2651,31,1,'2022-10-20 08:00:00','2022-10-20 17:00:00'),(2652,31,1,'2022-10-21 08:00:00','2022-10-21 17:00:00'),(2653,31,1,'2022-10-24 08:00:00','2022-10-24 17:00:00'),(2654,31,1,'2022-10-25 08:00:00','2022-10-25 17:00:00'),(2655,31,1,'2022-10-26 08:00:00','2022-10-26 17:00:00'),(2656,31,1,'2022-10-27 08:00:00','2022-10-27 17:00:00'),(2657,31,1,'2022-10-28 08:00:00','2022-10-28 17:00:00'),(2658,31,1,'2022-10-31 08:00:00','2022-10-31 17:00:00'),(2659,31,1,'2022-11-01 00:00:00','2022-11-01 00:00:00'),(2660,31,1,'2022-11-02 08:00:00','2022-11-02 17:00:00'),(2661,31,1,'2022-11-03 08:00:00','2022-11-03 17:00:00'),(2662,31,1,'2022-11-04 08:00:00','2022-11-04 17:00:00'),(2663,31,1,'2022-11-07 08:00:00','2022-11-07 17:00:00'),(2664,31,1,'2022-11-08 08:00:00','2022-11-08 17:00:00'),(2665,31,1,'2022-11-09 08:00:00','2022-11-09 17:00:00'),(2666,31,1,'2022-11-10 08:00:00','2022-11-10 17:00:00'),(2667,31,1,'2022-11-11 08:00:00','2022-11-11 17:00:00'),(2668,31,1,'2022-11-14 08:00:00','2022-11-14 17:00:00'),(2669,31,1,'2022-11-15 08:00:00','2022-11-15 17:00:00'),(2670,31,1,'2022-11-16 08:00:00','2022-11-16 17:00:00'),(2671,31,1,'2022-11-17 08:00:00','2022-11-17 17:00:00'),(2672,31,1,'2022-11-18 08:00:00','2022-11-18 17:00:00'),(2673,31,1,'2022-11-21 08:00:00','2022-11-21 17:00:00'),(2674,31,1,'2022-11-22 08:00:00','2022-11-22 17:00:00'),(2675,31,1,'2022-11-23 08:00:00','2022-11-23 17:00:00'),(2676,31,1,'2022-11-24 08:00:00','2022-11-24 17:00:00'),(2677,31,1,'2022-11-25 08:00:00','2022-11-25 17:00:00'),(2678,31,1,'2022-11-28 08:00:00','2022-11-28 17:00:00'),(2679,31,1,'2022-11-29 08:00:00','2022-11-29 17:00:00'),(2680,31,1,'2022-11-30 00:00:00','2022-11-30 00:00:00'),(2681,31,1,'2022-12-01 08:00:00','2022-12-01 17:00:00'),(2682,31,1,'2022-12-02 08:00:00','2022-12-02 17:00:00'),(2683,31,1,'2022-12-05 08:00:00','2022-12-05 17:00:00'),(2684,31,1,'2022-12-06 08:00:00','2022-12-06 17:00:00'),(2685,31,1,'2022-12-07 08:00:00','2022-12-07 17:00:00'),(2686,31,1,'2022-12-08 00:00:00','2022-12-08 00:00:00'),(2687,31,1,'2022-12-09 08:00:00','2022-12-09 17:00:00'),(2688,31,1,'2022-12-12 08:00:00','2022-12-12 17:00:00'),(2689,31,1,'2022-12-13 08:00:00','2022-12-13 17:00:00'),(2690,31,1,'2022-12-14 08:00:00','2022-12-14 17:00:00'),(2691,31,1,'2022-12-15 08:00:00','2022-12-15 17:00:00'),(2692,31,1,'2022-12-16 08:00:00','2022-12-16 17:00:00'),(2693,31,1,'2022-12-19 08:00:00','2022-12-19 17:00:00'),(2694,31,1,'2022-12-20 08:00:00','2022-12-20 17:00:00'),(2695,31,1,'2022-12-21 08:00:00','2022-12-21 17:00:00'),(2696,31,1,'2022-12-22 08:00:00','2022-12-22 17:00:00'),(2697,31,1,'2022-12-23 08:00:00','2022-12-23 17:00:00'),(2698,31,1,'2022-12-26 08:00:00','2022-12-26 17:00:00'),(2699,31,1,'2022-12-27 08:00:00','2022-12-27 17:00:00'),(2700,31,1,'2022-12-28 08:00:00','2022-12-28 17:00:00'),(2701,31,1,'2022-12-29 08:00:00','2022-12-29 17:00:00'),(2702,31,1,'2022-12-30 00:00:00','2022-12-30 00:00:00'),(2703,32,1,'2022-09-01 08:00:00','2022-09-01 17:00:00'),(2704,32,1,'2022-09-02 08:00:00','2022-09-02 17:00:00'),(2705,32,1,'2022-09-05 08:00:00','2022-09-05 17:00:00'),(2706,32,1,'2022-09-06 08:00:00','2022-09-06 17:00:00'),(2707,32,1,'2022-09-07 08:00:00','2022-09-07 17:00:00'),(2708,32,1,'2022-09-08 08:00:00','2022-09-08 17:00:00'),(2709,32,1,'2022-09-09 08:00:00','2022-09-09 17:00:00'),(2710,32,1,'2022-09-12 08:00:00','2022-09-12 17:00:00'),(2711,32,1,'2022-09-13 08:00:00','2022-09-13 17:00:00'),(2712,32,1,'2022-09-14 08:00:00','2022-09-14 17:00:00'),(2713,32,1,'2022-09-15 08:00:00','2022-09-15 17:00:00'),(2714,32,1,'2022-09-16 08:00:00','2022-09-16 17:00:00'),(2715,32,1,'2022-09-19 08:00:00','2022-09-19 17:00:00'),(2716,32,1,'2022-09-20 08:00:00','2022-09-20 17:00:00'),(2717,32,1,'2022-09-21 08:00:00','2022-09-21 17:00:00'),(2718,32,1,'2022-09-22 08:00:00','2022-09-22 17:00:00'),(2719,32,1,'2022-09-23 08:00:00','2022-09-23 17:00:00'),(2720,32,1,'2022-09-26 08:00:00','2022-09-26 17:00:00'),(2721,32,1,'2022-09-27 08:00:00','2022-09-27 17:00:00'),(2722,32,1,'2022-09-28 08:00:00','2022-09-28 17:00:00'),(2723,32,1,'2022-09-29 08:00:00','2022-09-29 17:00:00'),(2724,32,1,'2022-09-30 08:00:00','2022-09-30 17:00:00'),(2725,32,1,'2022-10-03 08:00:00','2022-10-03 17:00:00'),(2726,32,1,'2022-10-04 08:00:00','2022-10-04 17:00:00'),(2727,32,1,'2022-10-05 08:00:00','2022-10-05 17:00:00'),(2728,32,1,'2022-10-06 08:00:00','2022-10-06 17:00:00'),(2729,32,1,'2022-10-07 08:00:00','2022-10-07 17:00:00'),(2730,32,1,'2022-10-10 08:00:00','2022-10-10 17:00:00'),(2731,32,1,'2022-10-11 08:00:00','2022-10-11 17:00:00'),(2732,32,1,'2022-10-12 08:00:00','2022-10-12 17:00:00'),(2733,32,1,'2022-10-13 08:00:00','2022-10-13 17:00:00'),(2734,32,1,'2022-10-14 08:00:00','2022-10-14 17:00:00'),(2735,32,1,'2022-10-17 08:00:00','2022-10-17 17:00:00'),(2736,32,1,'2022-10-18 08:00:00','2022-10-18 17:00:00'),(2737,32,1,'2022-10-19 08:00:00','2022-10-19 17:00:00'),(2738,32,1,'2022-10-20 08:00:00','2022-10-20 17:00:00'),(2739,32,1,'2022-10-21 08:00:00','2022-10-21 17:00:00'),(2740,32,1,'2022-10-24 08:00:00','2022-10-24 17:00:00'),(2741,32,1,'2022-10-25 08:00:00','2022-10-25 17:00:00'),(2742,32,1,'2022-10-26 08:00:00','2022-10-26 17:00:00'),(2743,32,1,'2022-10-27 08:00:00','2022-10-27 17:00:00'),(2744,32,1,'2022-10-28 08:00:00','2022-10-28 17:00:00'),(2745,32,1,'2022-10-31 08:00:00','2022-10-31 17:00:00'),(2746,32,1,'2022-11-01 00:00:00','2022-11-01 00:00:00'),(2747,32,1,'2022-11-02 08:00:00','2022-11-02 17:00:00'),(2748,32,1,'2022-11-03 08:00:00','2022-11-03 17:00:00'),(2749,32,1,'2022-11-04 08:00:00','2022-11-04 17:00:00'),(2750,32,1,'2022-11-07 08:00:00','2022-11-07 17:00:00'),(2751,32,1,'2022-11-08 08:00:00','2022-11-08 17:00:00'),(2752,32,1,'2022-11-09 08:00:00','2022-11-09 17:00:00'),(2753,32,1,'2022-11-10 08:00:00','2022-11-10 17:00:00'),(2754,32,1,'2022-11-11 08:00:00','2022-11-11 17:00:00'),(2755,32,1,'2022-11-14 08:00:00','2022-11-14 17:00:00'),(2756,32,1,'2022-11-15 08:00:00','2022-11-15 17:00:00'),(2757,32,1,'2022-11-16 08:00:00','2022-11-16 17:00:00'),(2758,32,1,'2022-11-17 08:00:00','2022-11-17 17:00:00'),(2759,32,1,'2022-11-18 08:00:00','2022-11-18 17:00:00'),(2760,32,1,'2022-11-21 08:00:00','2022-11-21 17:00:00'),(2761,32,1,'2022-11-22 08:00:00','2022-11-22 17:00:00'),(2762,32,1,'2022-11-23 08:00:00','2022-11-23 17:00:00'),(2763,32,1,'2022-11-24 08:00:00','2022-11-24 17:00:00'),(2764,32,1,'2022-11-25 08:00:00','2022-11-25 17:00:00'),(2765,32,1,'2022-11-28 08:00:00','2022-11-28 17:00:00'),(2766,32,1,'2022-11-29 08:00:00','2022-11-29 17:00:00'),(2767,32,1,'2022-11-30 00:00:00','2022-11-30 00:00:00'),(2768,32,1,'2022-12-01 08:00:00','2022-12-01 17:00:00'),(2769,32,1,'2022-12-02 08:00:00','2022-12-02 17:00:00'),(2770,32,1,'2022-12-05 08:00:00','2022-12-05 17:00:00'),(2771,32,1,'2022-12-06 08:00:00','2022-12-06 17:00:00'),(2772,32,1,'2022-12-07 08:00:00','2022-12-07 17:00:00'),(2773,32,1,'2022-12-08 00:00:00','2022-12-08 00:00:00'),(2774,32,1,'2022-12-09 08:00:00','2022-12-09 17:00:00'),(2775,32,1,'2022-12-12 08:00:00','2022-12-12 17:00:00'),(2776,32,1,'2022-12-13 08:00:00','2022-12-13 17:00:00'),(2777,32,1,'2022-12-14 08:00:00','2022-12-14 17:00:00'),(2778,32,1,'2022-12-15 00:00:00','2022-12-15 00:00:00'),(2779,32,1,'2022-12-16 00:00:00','2022-12-16 00:00:00'),(2780,32,1,'2022-12-19 00:00:00','2022-12-19 00:00:00'),(2781,32,1,'2022-12-20 00:00:00','2022-12-20 00:00:00'),(2782,32,1,'2022-12-21 00:00:00','2022-12-21 00:00:00'),(2783,32,1,'2022-12-22 00:00:00','2022-12-22 00:00:00'),(2784,32,1,'2022-12-23 00:00:00','2022-12-23 00:00:00'),(2785,32,1,'2022-12-26 00:00:00','2022-12-26 00:00:00'),(2786,32,1,'2022-12-27 00:00:00','2022-12-27 00:00:00'),(2787,32,1,'2022-12-28 00:00:00','2022-12-28 00:00:00'),(2788,32,1,'2022-12-29 00:00:00','2022-12-29 00:00:00'),(2789,32,1,'2022-12-30 00:00:00','2022-12-30 00:00:00'),(2790,33,1,'2022-09-01 08:00:00','2022-09-01 17:00:00'),(2791,33,1,'2022-09-02 08:00:00','2022-09-02 17:00:00'),(2792,33,1,'2022-09-05 08:00:00','2022-09-05 17:00:00'),(2793,33,1,'2022-09-06 11:30:00','2022-09-06 17:00:00'),(2794,33,1,'2022-09-07 08:00:00','2022-09-07 17:00:00'),(2795,33,1,'2022-09-08 08:00:00','2022-09-08 17:00:00'),(2796,33,1,'2022-09-09 08:00:00','2022-09-09 17:00:00'),(2797,33,1,'2022-09-12 08:00:00','2022-09-12 17:00:00'),(2798,33,1,'2022-09-13 08:00:00','2022-09-13 17:00:00'),(2799,33,1,'2022-09-14 08:00:00','2022-09-14 17:00:00'),(2800,33,1,'2022-09-15 11:30:00','2022-09-15 17:00:00'),(2801,33,1,'2022-09-16 08:00:00','2022-09-16 17:00:00'),(2802,33,1,'2022-09-19 08:00:00','2022-09-19 17:00:00'),(2803,33,1,'2022-09-20 08:00:00','2022-09-20 17:00:00'),(2804,33,1,'2022-09-21 08:00:00','2022-09-21 17:00:00'),(2805,33,1,'2022-09-22 08:00:00','2022-09-22 17:00:00'),(2806,33,1,'2022-09-23 08:00:00','2022-09-23 17:00:00'),(2807,33,1,'2022-09-26 11:30:00','2022-09-26 17:00:00'),(2808,33,1,'2022-09-27 08:00:00','2022-09-27 17:00:00'),(2809,33,1,'2022-09-28 08:00:00','2022-09-28 17:00:00'),(2810,33,1,'2022-09-29 08:00:00','2022-09-29 17:00:00'),(2811,33,1,'2022-09-30 08:00:00','2022-09-30 17:00:00'),(2812,33,1,'2022-10-03 08:00:00','2022-10-03 17:00:00'),(2813,33,1,'2022-10-04 08:00:00','2022-10-04 17:00:00'),(2814,33,1,'2022-10-05 11:30:00','2022-10-05 17:00:00'),(2815,33,1,'2022-10-06 08:00:00','2022-10-06 17:00:00'),(2816,33,1,'2022-10-07 08:00:00','2022-10-07 17:00:00'),(2817,33,1,'2022-10-10 08:00:00','2022-10-10 17:00:00'),(2818,33,1,'2022-10-11 08:00:00','2022-10-11 17:00:00'),(2819,33,1,'2022-10-12 08:00:00','2022-10-12 17:00:00'),(2820,33,1,'2022-10-13 08:00:00','2022-10-13 17:00:00'),(2821,33,1,'2022-10-14 11:30:00','2022-10-14 17:00:00'),(2822,33,1,'2022-10-17 08:00:00','2022-10-17 17:00:00'),(2823,33,1,'2022-10-18 08:00:00','2022-10-18 17:00:00'),(2824,33,1,'2022-10-19 08:00:00','2022-10-19 17:00:00'),(2825,33,1,'2022-10-20 08:00:00','2022-10-20 17:00:00'),(2826,33,1,'2022-10-21 08:00:00','2022-10-21 17:00:00'),(2827,33,1,'2022-10-24 08:00:00','2022-10-24 17:00:00'),(2828,33,1,'2022-10-25 11:30:00','2022-10-25 17:00:00'),(2829,33,1,'2022-10-26 08:00:00','2022-10-26 17:00:00'),(2830,33,1,'2022-10-27 08:00:00','2022-10-27 17:00:00'),(2831,33,1,'2022-10-28 08:00:00','2022-10-28 17:00:00'),(2832,33,1,'2022-10-31 08:00:00','2022-10-31 17:00:00'),(2833,33,1,'2022-11-01 00:00:00','2022-11-01 00:00:00'),(2834,33,1,'2022-11-02 08:00:00','2022-11-02 17:00:00'),(2835,33,1,'2022-11-03 11:30:00','2022-11-03 17:00:00'),(2836,33,1,'2022-11-04 08:00:00','2022-11-04 17:00:00'),(2837,33,1,'2022-11-07 08:00:00','2022-11-07 17:00:00'),(2838,33,1,'2022-11-08 08:00:00','2022-11-08 17:00:00'),(2839,33,1,'2022-11-09 08:00:00','2022-11-09 17:00:00'),(2840,33,1,'2022-11-10 08:00:00','2022-11-10 17:00:00'),(2841,33,1,'2022-11-11 08:00:00','2022-11-11 17:00:00'),(2842,33,1,'2022-11-14 11:30:00','2022-11-14 17:00:00'),(2843,33,1,'2022-11-15 08:00:00','2022-11-15 17:00:00'),(2844,33,1,'2022-11-16 08:00:00','2022-11-16 17:00:00'),(2845,33,1,'2022-11-17 08:00:00','2022-11-17 17:00:00'),(2846,33,1,'2022-11-18 08:00:00','2022-11-18 17:00:00'),(2847,33,1,'2022-11-21 08:00:00','2022-11-21 17:00:00'),(2848,33,1,'2022-11-22 08:00:00','2022-11-22 17:00:00'),(2849,33,1,'2022-11-23 11:30:00','2022-11-23 17:00:00'),(2850,33,1,'2022-11-24 08:00:00','2022-11-24 17:00:00'),(2851,33,1,'2022-11-25 08:00:00','2022-11-25 17:00:00'),(2852,33,1,'2022-11-28 08:00:00','2022-11-28 17:00:00'),(2853,33,1,'2022-11-29 08:00:00','2022-11-29 17:00:00'),(2854,33,1,'2022-11-30 00:00:00','2022-11-30 00:00:00'),(2855,33,1,'2022-12-01 08:00:00','2022-12-01 17:00:00'),(2856,33,1,'2022-12-02 11:30:00','2022-12-02 17:00:00'),(2857,33,1,'2022-12-05 08:00:00','2022-12-05 17:00:00'),(2858,33,1,'2022-12-06 08:00:00','2022-12-06 17:00:00'),(2859,33,1,'2022-12-07 08:00:00','2022-12-07 17:00:00'),(2860,33,1,'2022-12-08 00:00:00','2022-12-08 00:00:00'),(2861,33,1,'2022-12-09 08:00:00','2022-12-09 17:00:00'),(2862,33,1,'2022-12-12 08:00:00','2022-12-12 17:00:00'),(2863,33,1,'2022-12-13 11:30:00','2022-12-13 17:00:00'),(2864,33,1,'2022-12-14 08:00:00','2022-12-14 17:00:00'),(2865,33,1,'2022-12-15 00:00:00','2022-12-15 00:00:00'),(2866,33,1,'2022-12-16 00:00:00','2022-12-16 00:00:00'),(2867,33,1,'2022-12-19 00:00:00','2022-12-19 00:00:00'),(2868,33,1,'2022-12-20 00:00:00','2022-12-20 00:00:00'),(2869,33,1,'2022-12-21 00:00:00','2022-12-21 00:00:00'),(2870,33,1,'2022-12-22 00:00:00','2022-12-22 00:00:00'),(2871,33,1,'2022-12-23 00:00:00','2022-12-23 00:00:00'),(2872,33,1,'2022-12-26 00:00:00','2022-12-26 00:00:00'),(2873,33,1,'2022-12-27 00:00:00','2022-12-27 00:00:00'),(2874,33,1,'2022-12-28 00:00:00','2022-12-28 00:00:00'),(2875,33,1,'2022-12-29 00:00:00','2022-12-29 00:00:00'),(2876,33,1,'2022-12-30 00:00:00','2022-12-30 00:00:00'),(2877,34,1,'2022-09-01 08:00:00','2022-09-01 17:00:00'),(2878,34,1,'2022-09-02 08:00:00','2022-09-02 17:00:00'),(2879,34,1,'2022-09-05 08:00:00','2022-09-05 17:00:00'),(2880,34,1,'2022-09-06 08:00:00','2022-09-06 17:00:00'),(2881,34,1,'2022-09-07 08:00:00','2022-09-07 17:00:00'),(2882,34,1,'2022-09-08 08:00:00','2022-09-08 17:00:00'),(2883,34,1,'2022-09-09 08:00:00','2022-09-09 17:00:00'),(2884,34,1,'2022-09-12 08:00:00','2022-09-12 17:00:00'),(2885,34,1,'2022-09-13 08:00:00','2022-09-13 17:00:00'),(2886,34,1,'2022-09-14 08:00:00','2022-09-14 17:00:00'),(2887,34,1,'2022-09-15 08:00:00','2022-09-15 17:00:00'),(2888,34,1,'2022-09-16 08:00:00','2022-09-16 17:00:00'),(2889,34,1,'2022-09-19 08:00:00','2022-09-19 17:00:00'),(2890,34,1,'2022-09-20 08:00:00','2022-09-20 17:00:00'),(2891,34,1,'2022-09-21 08:00:00','2022-09-21 17:00:00'),(2892,34,1,'2022-09-22 08:00:00','2022-09-22 17:00:00'),(2893,34,1,'2022-09-23 08:00:00','2022-09-23 17:00:00'),(2894,34,1,'2022-09-26 08:00:00','2022-09-26 17:00:00'),(2895,34,1,'2022-09-27 08:00:00','2022-09-27 17:00:00'),(2896,34,1,'2022-09-28 08:00:00','2022-09-28 17:00:00'),(2897,34,1,'2022-09-29 08:00:00','2022-09-29 17:00:00'),(2898,34,1,'2022-09-30 08:00:00','2022-09-30 17:00:00'),(2899,34,1,'2022-10-03 08:00:00','2022-10-03 17:00:00'),(2900,34,1,'2022-10-04 08:00:00','2022-10-04 17:00:00'),(2901,34,1,'2022-10-05 08:00:00','2022-10-05 17:00:00'),(2902,34,1,'2022-10-06 08:00:00','2022-10-06 17:00:00'),(2903,34,1,'2022-10-07 08:00:00','2022-10-07 17:00:00'),(2904,34,1,'2022-10-10 08:00:00','2022-10-10 17:00:00'),(2905,34,1,'2022-10-11 08:00:00','2022-10-11 17:00:00'),(2906,34,1,'2022-10-12 08:00:00','2022-10-12 17:00:00'),(2907,34,1,'2022-10-13 08:00:00','2022-10-13 17:00:00'),(2908,34,1,'2022-10-14 08:00:00','2022-10-14 17:00:00'),(2909,34,1,'2022-10-17 08:00:00','2022-10-17 17:00:00'),(2910,34,1,'2022-10-18 08:00:00','2022-10-18 17:00:00'),(2911,34,1,'2022-10-19 08:00:00','2022-10-19 17:00:00'),(2912,34,1,'2022-10-20 08:00:00','2022-10-20 17:00:00'),(2913,34,1,'2022-10-21 08:00:00','2022-10-21 17:00:00'),(2914,34,1,'2022-10-24 08:00:00','2022-10-24 17:00:00'),(2915,34,1,'2022-10-25 08:00:00','2022-10-25 17:00:00'),(2916,34,1,'2022-10-26 08:00:00','2022-10-26 17:00:00'),(2917,34,1,'2022-10-27 08:00:00','2022-10-27 17:00:00'),(2918,34,1,'2022-10-28 08:00:00','2022-10-28 17:00:00'),(2919,34,1,'2022-10-31 08:00:00','2022-10-31 17:00:00'),(2920,34,1,'2022-11-01 00:00:00','2022-11-01 00:00:00'),(2921,34,1,'2022-11-02 08:00:00','2022-11-02 17:00:00'),(2922,34,1,'2022-11-03 08:00:00','2022-11-03 17:00:00'),(2923,34,1,'2022-11-04 08:00:00','2022-11-04 17:00:00'),(2924,34,1,'2022-11-07 08:00:00','2022-11-07 17:00:00'),(2925,34,1,'2022-11-08 08:00:00','2022-11-08 17:00:00'),(2926,34,1,'2022-11-09 08:00:00','2022-11-09 17:00:00'),(2927,34,1,'2022-11-10 08:00:00','2022-11-10 17:00:00'),(2928,34,1,'2022-11-11 08:00:00','2022-11-11 17:00:00'),(2929,34,1,'2022-11-14 08:00:00','2022-11-14 17:00:00'),(2930,34,1,'2022-11-15 08:00:00','2022-11-15 17:00:00'),(2931,34,1,'2022-11-16 08:00:00','2022-11-16 17:00:00'),(2932,34,1,'2022-11-17 08:00:00','2022-11-17 17:00:00'),(2933,34,1,'2022-11-18 08:00:00','2022-11-18 17:00:00'),(2934,34,1,'2022-11-21 08:00:00','2022-11-21 17:00:00'),(2935,34,1,'2022-11-22 08:00:00','2022-11-22 17:00:00'),(2936,34,1,'2022-11-23 08:00:00','2022-11-23 17:00:00'),(2937,34,1,'2022-11-24 08:00:00','2022-11-24 17:00:00'),(2938,34,1,'2022-11-25 08:00:00','2022-11-25 17:00:00'),(2939,34,1,'2022-11-28 08:00:00','2022-11-28 17:00:00'),(2940,34,1,'2022-11-29 08:00:00','2022-11-29 17:00:00'),(2941,34,1,'2022-11-30 00:00:00','2022-11-30 00:00:00'),(2942,34,1,'2022-12-01 08:00:00','2022-12-01 17:00:00'),(2943,34,1,'2022-12-02 08:00:00','2022-12-02 17:00:00'),(2944,34,1,'2022-12-05 08:00:00','2022-12-05 17:00:00'),(2945,34,1,'2022-12-06 08:00:00','2022-12-06 17:00:00'),(2946,34,1,'2022-12-07 08:00:00','2022-12-07 17:00:00'),(2947,34,1,'2022-12-08 00:00:00','2022-12-08 00:00:00'),(2948,34,1,'2022-12-09 08:00:00','2022-12-09 17:00:00'),(2949,34,1,'2022-12-12 08:00:00','2022-12-12 17:00:00'),(2950,34,1,'2022-12-13 08:00:00','2022-12-13 17:00:00'),(2951,34,1,'2022-12-14 08:00:00','2022-12-14 17:00:00'),(2952,34,1,'2022-12-15 00:00:00','2022-12-15 00:00:00'),(2953,34,1,'2022-12-16 00:00:00','2022-12-16 00:00:00'),(2954,34,1,'2022-12-19 00:00:00','2022-12-19 00:00:00'),(2955,34,1,'2022-12-20 00:00:00','2022-12-20 00:00:00'),(2956,34,1,'2022-12-21 00:00:00','2022-12-21 00:00:00'),(2957,34,1,'2022-12-22 00:00:00','2022-12-22 00:00:00'),(2958,34,1,'2022-12-23 00:00:00','2022-12-23 00:00:00'),(2959,34,1,'2022-12-26 00:00:00','2022-12-26 00:00:00'),(2960,34,1,'2022-12-27 00:00:00','2022-12-27 00:00:00'),(2961,34,1,'2022-12-28 00:00:00','2022-12-28 00:00:00'),(2962,34,1,'2022-12-29 00:00:00','2022-12-29 00:00:00'),(2963,34,1,'2022-12-30 00:00:00','2022-12-30 00:00:00'),(2964,4,3,'2024-06-29 10:41:58','2024-06-29 15:09:58'),(2965,4,3,'2024-06-29 15:09:50','2024-06-29 15:09:58'),(2966,4,3,'2024-07-06 16:17:00','2024-07-06 16:35:20');
/*!40000 ALTER TABLE `time_attendance` ENABLE KEYS */;
UNLOCK TABLES;

--
-- Table structure for table `user`
--

DROP TABLE IF EXISTS `user`;
/*!40101 SET @saved_cs_client     = @@character_set_client */;
/*!50503 SET character_set_client = utf8mb4 */;
CREATE TABLE `user` (
  `userID` int NOT NULL AUTO_INCREMENT,
  `employeeID` int DEFAULT NULL,
  `roleID` int DEFAULT NULL,
  `username` varchar(50) NOT NULL,
  `password` varchar(50) NOT NULL,
  PRIMARY KEY (`userID`),
  UNIQUE KEY `userID_UNIQUE` (`userID`),
  UNIQUE KEY `username_UNIQUE` (`username`),
  KEY `fk_user_employee_idx` (`employeeID`),
  KEY `fk_user_role_idx` (`roleID`),
  CONSTRAINT `fk_user_employee` FOREIGN KEY (`employeeID`) REFERENCES `employee` (`employeeID`),
  CONSTRAINT `fk_user_role` FOREIGN KEY (`roleID`) REFERENCES `role` (`roleID`)
) ENGINE=InnoDB AUTO_INCREMENT=435 DEFAULT CHARSET=utf8mb4 COLLATE=utf8mb4_0900_ai_ci;
/*!40101 SET character_set_client = @saved_cs_client */;

--
-- Dumping data for table `user`
--

LOCK TABLES `user` WRITE;
/*!40000 ALTER TABLE `user` DISABLE KEYS */;
INSERT INTO `user` VALUES (401,1,501,'mgarcia@gmail.com','123456'),(402,2,501,'alim@gmail.com','123456'),(403,3,502,'bsaquino@gmail.com','123456'),(404,4,503,'ireyes@gmail.com','123456'),(405,5,503,'ehernandez@gmail.com','123456'),(406,6,501,'amvillanueva@gmail.com','123456'),(407,7,501,'bsanjose@gmail.com','123456'),(408,8,503,'aromualdez@gmail.com','123456'),(409,9,503,'ratienza@gmail.com','123456'),(410,10,502,'ralvaro@gmail.com','123456'),(411,11,501,'asalcedo@gmail.com','123456'),(412,12,501,'jlopez@gmail.com','123456'),(413,13,503,'mfarala@gmail.com','123456'),(414,14,503,'lmartinez@gmail.com','123456'),(415,15,502,'fromualdez@gmail.com','123456'),(416,16,502,'cmata@gmail.com','123456'),(417,17,502,'sdeleon@gmail.com','123456'),(418,18,503,'asanjose@gmail.com','123456'),(419,19,503,'crosario@gmail.com','123456'),(420,20,503,'mbautista@gmail.com','123456'),(421,21,503,'dlazaro@gmail.com','123456'),(422,22,503,'kdelossantos@gmail.com','123456'),(423,23,503,'vsantos@gmail.com','123456'),(424,24,503,'tdelrosario@gmail.com','123456'),(425,25,503,'jtolentino@gmail.com','123456'),(426,26,503,'pgutierrez@gmail.com','123456'),(427,27,503,'gmanalaysay@gmail.com','123456'),(428,28,503,'lvillegas@gmail.com','123456'),(429,29,503,'cramos@gmail.com','123456'),(430,30,503,'emaceda@gmail.com','123456'),(431,31,503,'daguilar@gmail.com','123456'),(432,32,503,'jrcastro@gmail.com','123456'),(433,33,503,'cimartinez@gmail.com','123456'),(434,34,503,'bsantos@gmail.com','123456');
/*!40000 ALTER TABLE `user` ENABLE KEYS */;
UNLOCK TABLES;

--
-- Final view structure for view `attendance_record`
--

/*!50001 DROP VIEW IF EXISTS `attendance_record`*/;
/*!50001 SET @saved_cs_client          = @@character_set_client */;
/*!50001 SET @saved_cs_results         = @@character_set_results */;
/*!50001 SET @saved_col_connection     = @@collation_connection */;
/*!50001 SET character_set_client      = utf8mb4 */;
/*!50001 SET character_set_results     = utf8mb4 */;
/*!50001 SET collation_connection      = utf8mb4_0900_ai_ci */;
/*!50001 CREATE ALGORITHM=UNDEFINED */
/*!50013 DEFINER=`root`@`localhost` SQL SECURITY DEFINER */
/*!50001 VIEW `attendance_record` AS select `ta`.`attendanceID` AS `attendanceID`,`ta`.`employeeID` AS `employeeID`,`s`.`statusName` AS `statusName`,cast(`ta`.`timeIn` as date) AS `date`,cast(`ta`.`timeIn` as time) AS `timeIn`,cast(`ta`.`timeOut` as time) AS `timeOut` from (`time_attendance` `ta` join `attendance_status` `s` on((`ta`.`statusID` = `s`.`statusID`))) */;
/*!50001 SET character_set_client      = @saved_cs_client */;
/*!50001 SET character_set_results     = @saved_cs_results */;
/*!50001 SET collation_connection      = @saved_col_connection */;

--
-- Final view structure for view `employee_credentials`
--

/*!50001 DROP VIEW IF EXISTS `employee_credentials`*/;
/*!50001 SET @saved_cs_client          = @@character_set_client */;
/*!50001 SET @saved_cs_results         = @@character_set_results */;
/*!50001 SET @saved_col_connection     = @@collation_connection */;
/*!50001 SET character_set_client      = utf8mb4 */;
/*!50001 SET character_set_results     = utf8mb4 */;
/*!50001 SET collation_connection      = utf8mb4_0900_ai_ci */;
/*!50001 CREATE ALGORITHM=UNDEFINED */
/*!50013 DEFINER=`root`@`localhost` SQL SECURITY DEFINER */
/*!50001 VIEW `employee_credentials` AS select `e`.`employeeID` AS `employeeID`,`u`.`userID` AS `userID`,concat(`e`.`firstName`,' ',`e`.`lastName`) AS `fullEmployeeName`,`u`.`username` AS `username`,`u`.`password` AS `password`,`r`.`roleName` AS `roleName` from ((`employee` `e` left join `user` `u` on((`u`.`employeeID` = `e`.`employeeID`))) left join `role` `r` on((`r`.`roleID` = `u`.`roleID`))) */;
/*!50001 SET character_set_client      = @saved_cs_client */;
/*!50001 SET character_set_results     = @saved_cs_results */;
/*!50001 SET collation_connection      = @saved_col_connection */;

--
-- Final view structure for view `employee_details`
--

/*!50001 DROP VIEW IF EXISTS `employee_details`*/;
/*!50001 SET @saved_cs_client          = @@character_set_client */;
/*!50001 SET @saved_cs_results         = @@character_set_results */;
/*!50001 SET @saved_col_connection     = @@collation_connection */;
/*!50001 SET character_set_client      = utf8mb4 */;
/*!50001 SET character_set_results     = utf8mb4 */;
/*!50001 SET collation_connection      = utf8mb4_0900_ai_ci */;
/*!50001 CREATE ALGORITHM=UNDEFINED */
/*!50013 DEFINER=`root`@`localhost` SQL SECURITY DEFINER */
/*!50001 VIEW `employee_details` AS select `e`.`employeeID` AS `employeeID`,`u`.`username` AS `username`,`e`.`lastName` AS `lastName`,`e`.`firstName` AS `firstName`,`e`.`birthday` AS `birthday`,`e`.`address` AS `address`,`e`.`phoneNumber` AS `phoneNumber`,`e`.`immediateSupervisor` AS `immediateSupervisor`,`e`.`status` AS `status`,`p`.`positionName` AS `positionName`,`e`.`sssNumber` AS `sssNumber`,`e`.`philhealthNumber` AS `philHealthNumber`,`e`.`tinNumber` AS `tinNumber`,`e`.`pagibigNumber` AS `pagibigNumber` from ((`employee` `e` join `position` `p` on((`e`.`positionID` = `p`.`positionID`))) join `user` `u` on((`e`.`employeeID` = `u`.`employeeID`))) */;
/*!50001 SET character_set_client      = @saved_cs_client */;
/*!50001 SET character_set_results     = @saved_cs_results */;
/*!50001 SET collation_connection      = @saved_col_connection */;

--
-- Final view structure for view `employee_payslip`
--

/*!50001 DROP VIEW IF EXISTS `employee_payslip`*/;
/*!50001 SET @saved_cs_client          = @@character_set_client */;
/*!50001 SET @saved_cs_results         = @@character_set_results */;
/*!50001 SET @saved_col_connection     = @@collation_connection */;
/*!50001 SET character_set_client      = utf8mb4 */;
/*!50001 SET character_set_results     = utf8mb4 */;
/*!50001 SET collation_connection      = utf8mb4_0900_ai_ci */;
/*!50001 CREATE ALGORITHM=UNDEFINED */
/*!50013 DEFINER=`root`@`localhost` SQL SECURITY DEFINER */
/*!50001 VIEW `employee_payslip` AS select `p`.`payrollID` AS `Payroll ID`,concat('PS',convert(lpad(`e`.`employeeID`,3,'0') using utf8mb4),'-',convert(date_format(`pp`.`startDate`,'%Y%m') using utf8mb4)) AS `Payslip No.`,`e`.`employeeID` AS `Employee ID`,concat(`e`.`firstName`,' ',`e`.`lastName`) AS `Employee Name`,`pp`.`startDate` AS `Period Start Date`,`pp`.`endDate` AS `Period End Date`,`pn`.`positionName` AS `Employee Position`,`e`.`basicSalary` AS `Monthly Rate`,`p`.`dailyRate` AS `Daily Rate`,`p`.`daysWorked` AS `Days Worked`,`p`.`overtime` AS `Overtime`,`p`.`grossIncome` AS `Gross Income`,(select ifnull(`a1`.`allowanceAmount`,0) from `allowance` `a1` where ((`a1`.`employeeID` = `e`.`employeeID`) and (`a1`.`allowanceTypeID` = 1101))) AS `Rice Subsidy`,(select ifnull(`a2`.`allowanceAmount`,0) from `allowance` `a2` where ((`a2`.`employeeID` = `e`.`employeeID`) and (`a2`.`allowanceTypeID` = 1102))) AS `Phone Allowance`,(select ifnull(`a3`.`allowanceAmount`,0) from `allowance` `a3` where ((`a3`.`employeeID` = `e`.`employeeID`) and (`a3`.`allowanceTypeID` = 1103))) AS `Clothing Allowance`,`p`.`totalBenefits` AS `Total Benefits`,(select ifnull(`d1`.`deductionAmount`,0) from `deduction` `d1` where ((`d1`.`employeeID` = `e`.`employeeID`) and (`d1`.`deductionType` = 'SSS Contribution'))) AS `Social Security System`,(select ifnull(`d2`.`deductionAmount`,0) from `deduction` `d2` where ((`d2`.`employeeID` = `e`.`employeeID`) and (`d2`.`deductionType` = 'PhilHealth Contribution'))) AS `PhilHealth`,(select ifnull(`d3`.`deductionAmount`,0) from `deduction` `d3` where ((`d3`.`employeeID` = `e`.`employeeID`) and (`d3`.`deductionType` = 'Pag-IBIG Contribution'))) AS `Pag-IBIG`,(select ifnull(`d4`.`deductionAmount`,0) from `deduction` `d4` where ((`d4`.`employeeID` = `e`.`employeeID`) and (`d4`.`deductionType` = 'Withholding Tax'))) AS `Withholding Tax`,`p`.`totalDeductions` AS `Total Deductions`,`p`.`takeHomePay` AS `Take Home Pay` from (((`employee` `e` join `payslip` `p` on((`e`.`employeeID` = `p`.`employeeID`))) join `processing_period` `pp` on(((`p`.`startDate` = `pp`.`startDate`) and (`p`.`endDate` = `pp`.`endDate`)))) left join `position` `pn` on((`e`.`positionID` = `pn`.`positionID`))) where `e`.`employeeID` in (select distinct `ar`.`employeeID` from `attendance_record` `ar` where (`ar`.`date` between `pp`.`startDate` and `pp`.`endDate`)) */;
/*!50001 SET character_set_client      = @saved_cs_client */;
/*!50001 SET character_set_results     = @saved_cs_results */;
/*!50001 SET collation_connection      = @saved_col_connection */;

--
-- Final view structure for view `employee_record`
--

/*!50001 DROP VIEW IF EXISTS `employee_record`*/;
/*!50001 SET @saved_cs_client          = @@character_set_client */;
/*!50001 SET @saved_cs_results         = @@character_set_results */;
/*!50001 SET @saved_col_connection     = @@collation_connection */;
/*!50001 SET character_set_client      = utf8mb4 */;
/*!50001 SET character_set_results     = utf8mb4 */;
/*!50001 SET collation_connection      = utf8mb4_0900_ai_ci */;
/*!50001 CREATE ALGORITHM=UNDEFINED */
/*!50013 DEFINER=`root`@`localhost` SQL SECURITY DEFINER */
/*!50001 VIEW `employee_record` AS select `e`.`employeeID` AS `employeeID`,`e`.`lastName` AS `lastName`,`e`.`firstName` AS `firstName`,`e`.`birthday` AS `birthday`,`e`.`address` AS `address`,`e`.`phoneNumber` AS `phoneNumber`,`p`.`positionName` AS `position`,`e`.`status` AS `status`,`e`.`immediateSupervisor` AS `supervisor`,`e`.`basicSalary` AS `basicSalary`,`e`.`semiMonthlyRate` AS `semiSalary`,`e`.`hourlyRate` AS `hourlyRate`,(select ifnull(`a3`.`allowanceAmount`,0) from `allowance` `a3` where ((`a3`.`employeeID` = `e`.`employeeID`) and (`a3`.`allowanceTypeID` = 1103))) AS `Clothing Allowance`,(select ifnull(`a1`.`allowanceAmount`,0) from `allowance` `a1` where ((`a1`.`employeeID` = `e`.`employeeID`) and (`a1`.`allowanceTypeID` = 1101))) AS `Rice Subsidy`,(select ifnull(`a2`.`allowanceAmount`,0) from `allowance` `a2` where ((`a2`.`employeeID` = `e`.`employeeID`) and (`a2`.`allowanceTypeID` = 1102))) AS `Phone Allowance`,`e`.`tinNumber` AS `tinNumber`,`e`.`sssNumber` AS `sssNumber`,`e`.`philhealthNumber` AS `philHealthNumber`,`e`.`pagibigNumber` AS `pagibigNumber` from (`employee` `e` join `position` `p` on((`e`.`positionID` = `p`.`positionID`))) */;
/*!50001 SET character_set_client      = @saved_cs_client */;
/*!50001 SET character_set_results     = @saved_cs_results */;
/*!50001 SET collation_connection      = @saved_col_connection */;

--
-- Final view structure for view `leave_record`
--

/*!50001 DROP VIEW IF EXISTS `leave_record`*/;
/*!50001 SET @saved_cs_client          = @@character_set_client */;
/*!50001 SET @saved_cs_results         = @@character_set_results */;
/*!50001 SET @saved_col_connection     = @@collation_connection */;
/*!50001 SET character_set_client      = utf8mb4 */;
/*!50001 SET character_set_results     = utf8mb4 */;
/*!50001 SET collation_connection      = utf8mb4_0900_ai_ci */;
/*!50001 CREATE ALGORITHM=UNDEFINED */
/*!50013 DEFINER=`root`@`localhost` SQL SECURITY DEFINER */
/*!50001 VIEW `leave_record` AS select `r`.`requestID` AS `Request ID`,`r`.`dateRequested` AS `Date Requested`,`r`.`employeeID` AS `Employee ID`,concat(`e`.`firstName`,' ',`e`.`lastName`) AS `Full Name`,`lt`.`typeName` AS `Leave Type`,`r`.`days` AS `Days`,`r`.`startDate` AS `Start Date`,`r`.`endDate` AS `End Date`,`ls`.`statusName` AS `Status`,`r`.`reason` AS `Reason` from (((`request` `r` join `employee` `e` on((`r`.`employeeID` = `e`.`employeeID`))) join `leave_type` `lt` on((`r`.`leaveTypeID` = `lt`.`leaveTypeID`))) join `leave_status` `ls` on((`r`.`statusID` = `ls`.`statusID`))) */;
/*!50001 SET character_set_client      = @saved_cs_client */;
/*!50001 SET character_set_results     = @saved_cs_results */;
/*!50001 SET collation_connection      = @saved_col_connection */;

--
-- Final view structure for view `monthly_payroll_summary`
--

/*!50001 DROP VIEW IF EXISTS `monthly_payroll_summary`*/;
/*!50001 SET @saved_cs_client          = @@character_set_client */;
/*!50001 SET @saved_cs_results         = @@character_set_results */;
/*!50001 SET @saved_col_connection     = @@collation_connection */;
/*!50001 SET character_set_client      = utf8mb4 */;
/*!50001 SET character_set_results     = utf8mb4 */;
/*!50001 SET collation_connection      = utf8mb4_0900_ai_ci */;
/*!50001 CREATE ALGORITHM=UNDEFINED */
/*!50013 DEFINER=`root`@`localhost` SQL SECURITY DEFINER */
/*!50001 VIEW `monthly_payroll_summary` AS select `pp`.`startDate` AS `Period Start Date`,`pp`.`endDate` AS `Period End Date`,`e`.`employeeID` AS `Employee No`,concat(`e`.`firstName`,' ',`e`.`lastName`) AS `Employee Full Name`,`pos`.`positionName` AS `Position`,`dept`.`departmentName` AS `Department`,`p`.`grossIncome` AS `Gross Income`,`e`.`sssNumber` AS `Social Security No`,(select ifnull(`d`.`deductionAmount`,0) from `deduction` `d` where ((`d`.`employeeID` = `e`.`employeeID`) and (`d`.`deductionType` = 'SSS Contribution'))) AS `Social Security Contribution`,`e`.`philhealthNumber` AS `Philhealth No`,(select ifnull(`d`.`deductionAmount`,0) from `deduction` `d` where ((`d`.`employeeID` = `e`.`employeeID`) and (`d`.`deductionType` = 'PhilHealth Contribution'))) AS `Philhealth Contribution`,`e`.`pagibigNumber` AS `Pag-ibig No`,(select ifnull(`d`.`deductionAmount`,0) from `deduction` `d` where ((`d`.`employeeID` = `e`.`employeeID`) and (`d`.`deductionType` = 'Pag-IBIG Contribution'))) AS `Pag-Ibig Contribution`,`e`.`tinNumber` AS `TIN`,(select ifnull(`d`.`deductionAmount`,0) from `deduction` `d` where ((`d`.`employeeID` = `e`.`employeeID`) and (`d`.`deductionType` = 'Withholding Tax'))) AS `Withholding Tax`,(`p`.`grossIncome` - `p`.`totalDeductions`) AS `Net Pay` from ((((`employee` `e` join `payslip` `p` on((`e`.`employeeID` = `p`.`employeeID`))) join `position` `pos` on((`e`.`positionID` = `pos`.`positionID`))) join `department` `dept` on((`e`.`departmentID` = `dept`.`departmentID`))) join `processing_period` `pp` on(((`p`.`startDate` = `pp`.`startDate`) and (`p`.`endDate` = `pp`.`endDate`)))) where `e`.`employeeID` in (select distinct `ar`.`employeeID` from `attendance_record` `ar` where (`ar`.`date` between `pp`.`startDate` and `pp`.`endDate`)) */;
/*!50001 SET character_set_client      = @saved_cs_client */;
/*!50001 SET character_set_results     = @saved_cs_results */;
/*!50001 SET collation_connection      = @saved_col_connection */;
/*!40103 SET TIME_ZONE=@OLD_TIME_ZONE */;

/*!40101 SET SQL_MODE=@OLD_SQL_MODE */;
/*!40014 SET FOREIGN_KEY_CHECKS=@OLD_FOREIGN_KEY_CHECKS */;
/*!40014 SET UNIQUE_CHECKS=@OLD_UNIQUE_CHECKS */;
/*!40101 SET CHARACTER_SET_CLIENT=@OLD_CHARACTER_SET_CLIENT */;
/*!40101 SET CHARACTER_SET_RESULTS=@OLD_CHARACTER_SET_RESULTS */;
/*!40101 SET COLLATION_CONNECTION=@OLD_COLLATION_CONNECTION */;
/*!40111 SET SQL_NOTES=@OLD_SQL_NOTES */;

-- Dump completed on 2024-07-06 19:04:33
